"","V1","V2","V3","V4","V5"
"1",17.6496147050824,0.391910870236745,-0.0905984293748804,-0.91449817258368,-0.913159092296477
"2",17.6768073282881,0.0624063716001756,0.0644408233279807,-0.78579732662768,-1.68471176064944
"3",17.789525143532,0.253270353607741,0.099796158385199,-0.662082974291687,-1.38019966660343
"4",17.6508197242092,0.306594108434955,0.173362456586254,-0.633481174308424,-0.739207571132137
"5",17.3869337573669,0.370171282902915,0.139387401731341,-0.792346374690986,-0.706904307795165
"6",17.5373201311667,0.327408147976604,0.254378171330207,-0.317449112917203,-0.65254639277355
"7",17.7378371319089,0.34790283108884,0.2161934161443,-0.553166750930739,-1.23165385113424
"8",17.6468578223619,0.461420659292047,0.113819730901207,-0.74451282323005,-1.30785260206549
"9",17.6926951300054,0.291057731551484,-0.0387646306015742,-0.761997277961536,-1.13373806162109
"10",17.5984965428174,0.337296191751855,0.14901863144869,-0.364845935017803,-1.33202176689742
"11",17.6057452891693,0.358086385737353,0.153260923940073,-0.490645896054265,-1.02969771780643
"12",17.6824941671432,0.234291175092314,-0.0189129127644192,-0.553168179240971,-1.06259116227247
"13",17.689677866415,0.553197435692575,0.469979062351573,-0.356520287842155,-1.29931314548912
"14",17.5717081687751,0.462716374919798,0.102435198344058,-0.52375761227962,-0.893996420439512
"15",17.5331362317955,0.528054738209492,0.0394337549784549,-0.550720423084691,-1.01164872012672
"16",17.3836567893571,0.390735730886665,0.208057416144409,-0.270057642254816,-0.686461755521381
"17",17.7110636970681,0.173943290340388,-0.198773386154541,-0.820012445072378,-1.20313033135004
"18",17.6031863228026,0.340634715946794,0.184306143708017,-0.0856698681931377,-0.860423937667273
"19",17.6833973793867,0.431839945986313,0.0661586912830656,-0.562035188025245,-1.03405840581527
"20",17.8096236466779,0.372475009582644,-0.121353100575923,-0.583987025113973,-1.23672379713525
"21",17.8490731452655,0.450893842403965,-0.0898039326465749,-0.435331059147737,-1.00327452050169
"22",17.5063947622348,0.40398594388475,-0.180626034223459,-0.84300261876669,-1.5119004827494
"23",17.5839991688705,0.363289807565771,0.0955823122886935,-0.927943002559144,-1.13512721819478
"24",17.7726930095088,0.289158737434087,0.017075868989439,-0.408189309755258,-1.03550733079707
"25",17.7097709105464,0.336824200006373,0.0327859702232609,-0.623633755280158,-0.984311933221937
"26",17.4949840054509,0.460870873571445,0.254325146972753,-0.123328966501289,-0.763619809507803
"27",17.6261906687707,0.373749245747371,0.00659689733073675,-0.553111998989306,-1.31166900783859
"28",17.7359004945134,0.322835745350435,-0.163287934171838,-0.845972705796158,-1.00710638215177
"29",17.6020780384841,0.281623413609947,-0.0316769429090345,-0.807103854161238,-1.55346595236068
"30",17.4206433611187,0.404735949580179,0.124830934907302,-0.466539786691139,-0.976083117492771
"31",17.6214617787957,0.30534708945342,0.161030084440203,-0.467846709807564,-1.32604949810871
"32",17.7312308642311,0.390529213303686,0.395994266984599,-0.758485679822294,-1.15543617439966
"33",17.6137947483679,0.346146614339436,0.204895885440943,-0.502591224245442,-1.47481010520877
"34",17.7275724375378,0.274923149891379,-0.116526785576104,-0.908856107423639,-1.24313925354548
"35",17.7650440378154,0.171124189238349,-0.15900749382382,-0.493344510039211,-1.13809197430064
"36",17.5754533212103,0.251756222310852,0.0494517739230763,-0.520093259831455,-1.13413737494378
"37",17.4340073605725,0.387563472286159,0.152298483899006,-0.356028153200997,-0.686142901611982
"38",17.6287801971077,0.507277814559909,0.477573185677802,-0.537058337038048,-0.975598261633328
"39",17.8406137669754,0.309634386386193,-0.0365595086395409,-0.979809951249022,-1.23071318725278
"40",17.5785251581718,0.225939333435451,-0.21743502784016,-0.64107881296674,-1.12550612409196
"41",17.6591178516963,0.419603698947504,0.0755544394745557,-0.567677151292177,-1.27642669959403
"42",17.5348498824759,0.458655121518693,0.203993179052151,-0.51196455911933,-0.944557955628601
"43",17.752919630776,0.507923955951987,0.095747838711345,-0.660850209509779,-0.897031653308874
"44",17.5736479017475,0.277081140654418,-0.0159469868210831,-0.59776842429534,-0.622576571760358
"45",17.577536806489,0.334402166689234,0.215910256280238,-0.459002334267563,-1.15421949873193
"46",17.5511967710107,0.321701761711377,0.140251230375464,-0.412094292716403,-1.32520812624323
"47",17.5425486616739,0.427184643357009,0.035100868403587,-0.554190467276529,-1.68783346060051
"48",17.7046599726723,0.161833505172832,0.302415815896237,-0.665283668901315,-1.39154820396685
"49",17.528367206378,0.392753484238699,0.127640209105595,-0.737691526479585,-0.853656798243725
"50",17.6641621470319,0.273416994103256,-0.128701638753917,-0.584690522650609,-0.299399885979848
"51",17.8280165218772,0.250810702164444,0.144631379986763,-0.635307289177572,-1.11315127117975
"52",17.714283707608,0.323528377996395,0.00861005638273167,-0.66341624873924,-1.22589051489006
"53",17.5696268404997,0.406628685222529,0.230002810691359,-0.169748539032276,-0.767074105252062
"54",17.6284879333689,0.291079411777079,-0.125640580429833,-0.525001717888039,-1.10274930016472
"55",17.5222486559748,0.459064985081479,0.0254949499856448,-0.321797017877981,-0.634663602385594
"56",17.6381989055533,0.368697385952499,0.241621876840374,-0.729739357955785,-1.13602779166238
"57",17.6202006401379,0.417655201735422,0.246670474167152,-0.384258730374799,-0.59404867567706
"58",17.5315607147392,0.350287312795717,0.0404653736360258,-0.8859819824257,-1.17946486245146
"59",17.7760627281196,0.333691067125899,0.109035710667295,-0.601191860470374,-1.66153345280057
"60",17.6599737151759,0.127639000786293,-0.0671852862407775,-0.566565166322944,-1.16649243160431
"61",17.7424259246385,0.473698166515625,0.0722678924958504,-0.733426982771372,-1.17679273625333
"62",17.7836926433163,0.385705294970011,0.0277632794409277,-0.579924278073039,-1.38772205448292
"63",17.6430149767684,0.364182225209306,0.0450030485586513,-0.459031311155067,-1.14588858266928
"64",17.6915714370886,0.387838710881785,-0.0188460563667536,-0.767844084059931,-1.06207830807252
"65",17.5602476339994,0.37812582764285,0.16741195376502,-0.497874999791388,-0.805557551372089
"66",17.4991085892567,0.276176137192653,0.123744330084437,-0.378111225257449,-1.31148949125777
"67",17.8848957678017,0.0439629636335573,-0.211878004619148,-1.05329462000212,-1.24108566585742
"68",17.6674540578982,0.137045218870178,0.119839791098882,-0.358932473496696,-1.02069804717864
"69",17.5347218815437,0.361407818400383,0.151762832078094,-0.749565963475611,-1.16953388890352
"70",17.6734383235844,0.327655199999006,-0.143767703920133,-0.390579124316916,-1.00795595661752
"71",17.4974283693131,0.594992639388022,0.43299349848433,-0.273632431631771,-0.881510812264872
"72",17.5335286086761,0.55103027616702,0.0255305609944092,-0.596805302563515,-1.09602100384976
"73",17.7517222037774,0.17478109079816,-0.0565846306549803,-0.591793164663517,-1.12400392145647
"74",17.7148635467058,0.315467776425982,-0.193773947828635,-0.882308222123447,-1.62154405213123
"75",17.5960171835599,-0.0341430585735158,-0.136267271438498,-0.784399472640801,-1.05026588088551
"76",17.7104049567574,0.410015728539869,-0.0152262420122149,-0.352990365701875,-1.58337398401016
"77",17.5145828521363,0.41000750210423,0.0956660957277061,-0.848166187405583,-1.53976336591048
"78",17.5350008373531,0.368803166470559,0.198487575456411,-0.672080454083869,-1.05312113125507
"79",17.6676745701894,0.117173721918522,-0.026915533890105,-0.528978976829855,-1.0151903889397
"80",17.5031424719563,0.261175279088521,-0.0194228463634313,-0.879912212681761,-1.24148549134291
"81",17.4539648017156,0.311406930605202,0.167446124113801,-0.211772314320603,-1.13790968216405
"82",17.4564306850361,0.4794628955254,0.19004572033296,-0.458366857899216,-1.05748527551683
"83",17.6208949275996,0.304723288144263,-0.0173321841540548,-0.355431029879557,-0.774954144028651
"84",17.5534314815238,0.383768533318681,-0.156508891768383,-0.656179510590184,-1.17371111171751
"85",17.7250546172266,0.245681687024783,-0.101389341671022,-0.71192687185324,-1.30038706327609
"86",17.5840424877857,0.385944201487013,0.147562927540869,-0.816757438065443,-0.924501494330199
"87",17.7420978342931,0.163458540353516,-0.112980099383169,-0.703135371303567,-1.14123538718568
"88",17.765037819115,0.271876434418974,0.155949226892264,-0.469477042201082,-1.11688328398198
"89",17.5850684486213,0.554319554258116,0.314255067584534,-0.44265931439418,-1.48413492142987
"90",17.6764006654961,0.313353057837631,0.301943009854254,-0.549790806708682,-1.18330605452806
"91",17.7047783519854,0.227363282524254,-0.0448340946082701,-0.761534003417929,-0.963955902376052
"92",17.7808171977375,0.24702494290179,0.0966853259324624,-0.749920745171203,-1.54179496046344
"93",17.5794585884275,0.385252946864085,0.237962722880934,-0.869292323289735,-1.30879641986049
"94",17.6838772263736,0.313564965643493,-0.0567084740839261,-0.902128284978107,-1.13609394204964
"95",17.6122878301874,0.332767891219552,0.302808618064988,-0.535972387453735,-1.23687446719239
"96",17.7089451349972,0.295135375982884,0.0303368150729651,-0.910397680069886,-1.16081965627039
"97",17.5683910623057,0.700420136534371,0.561281692420994,-0.0361760434653914,-0.794577724779645
"98",17.6087263970199,0.366656885712027,0.0332448509709702,-0.707547690672551,-0.7152941976137
"99",17.7133203822001,0.427883395712982,0.256514514299798,-0.601020900095842,-1.21249761066922
"100",17.7956888330162,0.38233777958619,-0.12294589421406,-0.882988416540081,-1.45057113793752
"101",17.5593913632741,0.219259650610525,-0.0492354279659855,-0.820516566618099,-1.10177999495827
"102",17.8105720894035,0.144545610922261,-0.255930354964352,-0.737670458788177,-1.04804090551515
"103",17.6104073614335,0.4263843656292,-0.0164124976626156,-0.424277286184072,-1.25750653699994
"104",17.658104895273,0.501169465188254,0.101745301030651,-0.483086774244384,-0.956291402737052
"105",17.6222723378478,0.316785817175811,0.183847438166805,-0.33190541219096,-0.971114857609031
"106",17.6449522803703,0.242430393193385,0.217306071500553,-0.369209192670133,-0.777187658962678
"107",17.5886656179206,0.367911872260433,0.405098279984333,-0.320019338157426,-0.939555751146073
"108",17.3991572457954,0.405234654148551,0.114897643427624,-0.518592922131267,-0.76408440571684
"109",17.5644137876488,0.230701426344238,0.306478925493121,-0.595811140896845,-1.12539650153053
"110",17.6593215617256,0.239694272743941,-0.0450557050006678,-0.668322517338628,-1.16998632664519
"111",17.5503214856873,0.224869998338501,0.27571611878534,-0.979886136047075,-1.3627050240566
"112",17.5406705937453,0.436178599424422,0.0594870964986541,-0.509485707962381,-0.962002327104326
"113",17.7959322291878,0.396298980776966,0.0322356808223828,-0.919261878433952,-1.37160437414941
"114",17.6691226973546,0.342925299479392,-0.201127952304271,-0.889224073205503,-1.15568299080041
"115",17.5692086615064,0.248308065984235,-0.253593657580156,-0.733988527522745,-1.27463782247347
"116",17.6500852787049,0.601951804065323,-0.0346301919702493,-0.656811804430761,-1.58920725794796
"117",17.3548630539342,0.298731576738499,0.194936607838567,-0.4283242160682,-1.18652335659604
"118",17.6551144278874,0.434518258444175,-0.0333354014287045,-0.982816860705734,-1.37217773937532
"119",17.5925795240809,0.389305439759756,0.160289045647593,-0.651529619078668,-1.11451028596675
"120",17.5957938561056,0.3931142876439,-0.0594407578737712,-0.671635272486288,-0.959904514702136
"121",17.5506032737318,0.368628158040535,0.109630117609642,-0.387498865115764,-0.940946118032933
"122",17.6348715890591,0.327748996268878,-0.0111893613591049,-0.704159477323732,-1.64466784363965
"123",17.8337867294675,0.289316987480826,-0.07077541006447,-1.06612535573044,-1.36403269158556
"124",17.5653631277432,0.546264202196234,0.330800584467265,-0.217585621276972,-1.08856127796747
"125",17.6452231385511,0.335009069301808,0.297057197431012,-0.475270939444052,-0.772660723682327
"126",17.5653762020241,0.362558963001009,0.256805175860391,-0.371600716836972,-0.798756921619736
"127",17.6320279234968,0.378783614911723,0.0497828301591106,-0.568656696055451,-1.25788488879091
"128",17.4401548861268,0.323959237984094,0.032935846685909,-0.736762082231751,-1.40332412504309
"129",17.7152829722207,0.240590488081296,-0.0784516974818669,-0.989250311018658,-1.97561343606627
"130",17.6295854741632,0.23605277451237,0.146633673384773,-0.480189154181382,-1.37511074903169
"131",17.5996186958694,0.394459111283002,0.0185584214993564,-0.56083752146141,-1.09174752503422
"132",17.6386016997088,0.332496164776617,0.0993024489578282,-0.601652644757639,-1.48291784315715
"133",17.5989921627453,0.252963654412014,-0.305674005571635,-1.18355372541166,-1.73555082728584
"134",17.6776153510369,0.520164409601374,0.212075476224584,-0.409369425507828,-0.867374318100838
"135",17.6562070814188,0.454336430036996,0.0139501263710921,-0.584659104725743,-1.07667269828667
"136",17.5757719308617,0.390333550760784,0.0974559216857271,-0.587318616882644,-0.975934840386816
"137",17.7076231488573,0.392948580693531,-0.10402897971261,-0.721652832214421,-1.10522436522741
"138",17.5923943819733,0.411040661323245,0.10810982459385,-0.41727834522794,-0.955972583617277
"139",17.6769407133735,0.53515615986778,0.314823147668629,-0.421725643086002,-1.29464812209504
"140",17.5387167329671,0.374128856974537,0.070366158750084,-0.387751562494875,-0.990731793191382
"141",17.5951330733094,0.314472808204136,-0.178066476000635,-0.615309654746397,-1.29918506855871
"142",17.5640371016333,0.26651492992408,0.151100646621413,-0.646418912874158,-0.951334572046855
"143",17.4103870098583,0.524717129531817,0.139069219663923,-0.767203993511401,-0.83014446404847
"144",17.7197328279618,0.432753995254516,0.154570872053904,-0.881541111756715,-1.19872415847431
"145",17.6703355908373,0.50789433269065,0.154572728810682,-0.444348532986851,-0.609975584036387
"146",17.6891554651933,0.233893582096242,-0.0209722790134361,-0.53278095659488,-1.28184459644074
"147",17.6833936254143,0.317804198147231,-0.148466873462772,-0.856320893336362,-1.86547288770754
"148",17.6717996724511,0.316998359002414,0.012640285334001,-0.690868220762456,-0.991974000043663
"149",17.6811091261267,0.252109849148515,-0.181126043668081,-1.1631052970746,-1.64507895942242
"150",17.6276906372428,0.52079335366729,-0.0620765168237345,-0.547570853563677,-1.08268658325585
"151",17.6873641739927,0.359165051090876,-0.127770883992682,-0.821551851473074,-1.5041020836095
"152",17.6517187949871,0.450301657354157,0.271085221502635,-0.716696665670283,-1.45261295236436
"153",17.5186565490521,0.613754308990679,0.172435161991704,-0.42238851820078,-0.950916620294442
"154",17.6955610734288,0.347174282410547,0.142185379290198,-0.603433035586037,-0.86558517201634
"155",17.4816759872535,0.333445296264616,0.203849487821614,-0.250683740046821,-0.668008636923546
"156",17.6065979012714,0.302394604233491,0.00562050155365057,-0.693665626500625,-1.0834486232605
"157",17.6257648096538,0.327412582236117,0.0507449265839045,-0.395247923677157,-0.971841825109657
"158",17.5573121875744,0.252296781102953,0.303671564898767,-0.369501861527661,-1.12280837285085
"159",17.6806909739517,0.386988364626398,-0.0735064268428309,-0.974062162469934,-1.89985323976746
"160",17.6721635936834,0.32213100019714,0.135456300822059,-0.558959222861414,-1.02617745164697
"161",17.6650229389597,0.368091094740482,0.152210070444224,-0.706830618860412,-1.38289538399058
"162",17.7403014206504,0.472057120965184,0.165912847727639,-0.2371034417142,-0.960338925393774
"163",17.6008216948,0.528903115650766,-0.128415282156442,-0.692104838215734,-1.03406626946379
"164",17.7087541952735,0.306258307088438,-0.0396810203232188,-0.570382065719282,-1.16939725014238
"165",17.7009944128502,0.254245304957004,-0.0789738772871335,-0.909000445959193,-0.814771719780579
"166",17.6364241003641,0.557774288940725,0.112675014348938,-0.38849614529839,-1.07217809935942
"167",17.4722935710723,0.372591063234906,0.113434467803415,-0.470097530527266,-1.00682343918644
"168",17.6653600670787,0.335147839834137,0.310857501496644,-0.402424645346693,-1.03067379377728
"169",17.5755938162714,0.372430210860735,0.0582997085320099,-0.316103035225853,-1.0777254158429
"170",17.5422853292268,0.265677688239557,0.0374542587825624,-0.550378509231675,-1.31413161778016
"171",17.5807197887449,0.256503704345523,-0.0597444798753342,-0.620210753708736,-1.27926106843669
"172",17.5465679459236,0.343975472417742,0.0396198544449667,-0.291859351329509,-0.546103417233856
"173",17.6717454108742,0.35134555869401,0.0689090830273975,-1.0718456866665,-1.54840772216531
"174",17.6614476038269,0.317515275333064,-0.222671180041348,-0.652060373502807,-0.989113820808408
"175",17.5683640649001,0.387740169078311,-0.0362941160671567,-0.587507223073339,-1.41180871824416
"176",17.6402796225163,0.0977051664187873,-0.197692278366048,-0.908135335015403,-1.54825250890964
"177",17.5866117268741,0.365311957644798,0.0803828754343395,-0.38779354786949,-1.16873049105756
"178",17.6163334501693,0.268770933773025,0.00988167707002253,-0.745543577003136,-1.39631694255851
"179",17.6336499409632,0.461269866669809,-0.0820234203990922,-0.95829016294291,-1.40230548195815
"180",17.650253573477,0.451350985884035,0.0899034186017861,-0.481984147135907,-0.653066349438806
"181",17.6297890377612,0.458632229291155,0.262984738905485,-0.145641978601366,-1.17050005751668
"182",17.6073417191485,0.434349135189376,0.16079173089578,-0.502149477658599,-0.994384596481286
"183",17.5457332859706,0.331874504909628,0.00618016374538685,-0.599154153460398,-1.14574248823321
"184",17.6540149547076,0.417710205113085,0.164007877985665,-0.167054274050278,-1.40294784521724
"185",17.5257478799921,0.434427115772518,0.0587825887059413,-0.438081299147114,-0.85573528898209
"186",17.6122383089434,0.359038200307173,0.0047996576321356,-0.826988514998499,-1.65305842239296
"187",17.6862740602965,0.353347714443846,-0.267017951845624,-0.723719342289033,-1.51336432821391
"188",17.6609474903368,0.470629772777081,0.283596880902548,-0.270117877852847,-0.769803418790427
"189",17.7332210983275,0.312212507670161,0.0498084929755117,-0.757622217148224,-1.37004624510841
"190",17.5638307989976,0.378803571924791,0.153212150021896,-0.67194049615795,-0.932868930851273
"191",17.5310831908139,0.509663725201402,0.162553057020448,-0.521115202542186,-0.824927435725323
"192",17.7637735883752,0.379003294457961,-0.103725315779442,-0.577087630011471,-0.765233264282622
"193",17.6106408387418,0.479252743935504,0.113808341166952,-0.51894048532674,-0.773553098329673
"194",17.6668017588877,0.427627343966009,0.234836059899068,-0.741166857780717,-1.3633345479847
"195",17.4628739125694,0.274734368651755,-0.0977056849279967,-0.276425942540847,-1.34459610922109
"196",17.6875953839131,0.677006514241813,0.0885758973114475,-0.588151067706402,-1.31783551698625
"197",17.7560841399702,0.472796991432088,0.0409595327520492,-0.493043505536303,-1.56937943381896
"198",17.7590020370336,0.340572452657806,0.00694791219152862,-0.520945992576362,-1.27568900495605
"199",17.5488520161442,0.386666395893319,0.248410654448192,-0.3231858640055,-0.806831881402653
"200",17.7326779748217,0.38061723812744,-0.324052799695259,-1.15448023662049,-1.67805891589717
"201",17.5841127689104,0.402923485587708,0.0543812181038667,-0.480545573416622,-0.841030027521193
"202",17.7037796536294,0.300104952000007,-0.0433579183889386,-0.45433662055161,-1.16444739969283
"203",17.5430946771436,0.278902755194027,0.266054466957097,-0.521553329039088,-1.23780190876276
"204",17.6093400713124,0.149786759812723,-0.13696696504176,-0.433326049245333,-1.26258992406952
"205",17.7028502626968,0.330978136912727,0.140706849232525,-0.859680313269078,-1.28275647603652
"206",17.6001558891756,0.46462777639284,0.178063482564345,-0.825873287167829,-1.23724595565561
"207",17.6091023763055,0.462614450470691,0.25957632683918,-0.353203725011708,-1.75324545515205
"208",17.7570005867717,0.331481804027684,-0.279352899165881,-0.940739216829864,-1.2184759771393
"209",17.5954952334977,0.436416298262132,0.0366268133257416,-0.778697024320968,-1.66204785607642
"210",17.4012856716042,0.539783539062002,0.364611273307394,-0.63944495983919,-0.908664481952069
"211",17.4726107254189,0.535247820642824,0.28569373453471,-0.210491595379541,-0.779943129149426
"212",17.6512765236428,0.393197233580485,-0.121033969829661,-0.703422854269793,-1.38674357561263
"213",17.2603169385146,0.511787510777927,0.224912675991845,-0.339292833850548,-0.941123655531193
"214",17.6219404026179,0.466984306472673,0.311158841025459,-0.149972587968168,-0.63851406391324
"215",17.7573504905265,0.468990617111156,0.218335039631235,-0.751435663028527,-1.60910512111606
"216",17.7760010971576,0.416152368210444,0.256193016993818,-0.581459473919216,-1.5505845266419
"217",17.6643987532115,0.315457355759274,-0.140687663037437,-0.695787638265839,-1.45521193796323
"218",17.6702236317584,0.330967921461016,0.0290523924463695,-0.648660250541769,-1.37088758924398
"219",17.6487853362292,0.644155678237666,0.482697657320254,-0.249071003276739,-1.01823955653025
"220",17.4846322249542,0.173984853770333,-0.058230708163814,-0.479639816471127,-1.15950943350982
"221",17.5522163331824,0.452271393979753,0.30498590204015,-0.56381781357962,-1.29290586461921
"222",17.6039486803338,0.237464920745384,-0.234515455156116,-0.833258026988312,-0.610290747223386
"223",17.5004867901561,0.36741879602631,0.12104965153082,-0.198218883339267,-0.896399304794401
"224",17.6162538284646,0.368717034049976,0.0446889829958462,-0.465620008645808,-1.5121272185705
"225",17.608073499497,0.479995930814851,0.340761053627827,-0.395087799546039,-1.04216847084792
"226",17.6415565772022,0.367255255515292,0.151713083299429,-0.503015443163889,-1.3766078514959
"227",17.461948296396,0.265982779190746,0.0839964898377643,-0.496640091827917,-0.882327884647769
"228",17.7065999940516,0.334972401030686,0.042100026501682,-0.582561214079441,-1.17852537346488
"229",17.7196150863512,0.31716165652564,-0.155975233592457,-0.86698630678865,-0.936120359632362
"230",17.8136733399258,0.265301446348456,-0.0789837056579138,-0.838890786971638,-1.50907701722311
"231",17.7048004519073,0.403213758482206,0.00844088228887885,-0.964310561362118,-1.04385673407101
"232",17.5879458613888,0.385171010039693,0.00483188000704426,-0.78951760866771,-0.90994731715209
"233",17.7145918721376,0.37446751397748,0.0376282907111926,-0.775702222856676,-1.01543716766586
"234",18.025032799587,0.131527585756599,-0.240627170390862,-0.8291136203318,-1.20169557966551
"235",17.772554128179,0.39403639855044,-0.0707973968849272,-0.552340169862795,-1.47669757756156
"236",17.603231506989,0.195732611374076,0.0255048985246687,-0.420891898096001,-0.965962168643994
"237",17.6332541445211,0.428785804581704,-0.0930726181436247,-0.62108424999933,-1.40262352309384
"238",17.7336565577568,0.497325886899668,0.0539467673646862,-0.584852263102406,-1.13724760259475
"239",17.7422411297327,0.375201530737312,-0.146296434585136,-0.85597799077207,-1.68227869168683
"240",17.6232103457751,0.355974301761554,0.186202947946429,-0.56838428275178,-0.701127395959712
"241",17.5615590878001,0.2328946753573,0.0889129218729685,-0.544834637332381,-1.06563670405227
"242",17.5821532591006,0.318852305435231,0.109090948989284,-0.499340063766512,-1.33963694441683
"243",17.6256111356747,0.453025484022693,0.185602280278291,-0.596446123838942,-1.17133944113872
"244",17.8975574516089,0.33042846416726,0.0296305737142995,-1.06432686145596,-1.30028019127344
"245",17.6039242507681,0.369278404827331,-0.0248490233036735,-0.681497544604291,-1.79586887082708
"246",17.4970539859703,0.387435425205203,-0.0012487974423807,-0.395499244961787,-1.0495899670682
"247",17.5705593996019,0.295879655949431,0.228155485347605,-0.479609854475331,-1.1935076302154
"248",17.7683807571503,0.267052938230931,0.117047715579199,-0.608403394274965,-1.15270221888022
"249",17.62699764296,0.36113055396826,0.0693534519204588,-0.278161126445849,-0.785038256073945
"250",17.6733229706044,0.300215692086255,0.23058901079431,-0.495055098596361,-1.11476575706416
"251",17.6611944440261,0.534270921806624,0.150949732516544,-0.407505887573035,-0.597875185171625
"252",17.6253209136767,0.27595950280701,-0.0138666990235439,-0.368387376820646,-0.8948319813813
"253",17.6824422316184,0.406690847517324,0.000983410473393333,-0.770445355717655,-1.40489526596792
"254",17.634507094446,0.387081290051826,-0.164047178594443,-0.691930344043697,-1.17579447578048
"255",17.6622349813202,0.298324829091691,-0.287383309280072,-0.784063334280104,-1.25267932204419
"256",17.7200732063261,0.408607354326086,0.0748978585467713,-0.504775029147838,-0.924317540324763
"257",17.5997507827694,0.456338879279569,0.108088576107284,-0.57101169351949,-0.785296982563491
"258",17.5889538254788,0.44132638988815,0.239168787705116,-0.521021909510602,-1.50228129743256
"259",17.8458822475673,0.189214473541183,0.0247043178206223,-0.542832986125065,-1.54407849486532
"260",17.5589065498297,0.278312689931892,0.0181530897225596,-0.369575631243823,-0.96228553900422
"261",17.6358244027416,0.323700377481738,0.0149871425717717,-0.633887142915101,-1.22060157108006
"262",17.5402868540644,0.472173502958399,0.304409499568748,-0.447764102790918,-0.850486517823903
"263",17.6473324765691,0.441010222956115,0.146374082706625,-0.575354802688313,-0.815217416766497
"264",17.6341132545424,0.352108326580605,-0.0746482987674654,-0.484726962166505,-1.02422385562389
"265",17.715847670786,0.150715241219338,-0.147873561989876,-0.609320164585897,-1.55261741732639
"266",17.6013394958752,0.158708235819685,-0.0719003341666959,-0.769423229097596,-1.20257353759547
"267",17.6164331322169,0.085544503929795,-0.140620960148036,-0.984204993800123,-1.46781291243873
"268",17.5361880756081,0.286552194649549,-0.0106770325437855,-0.690935321143883,-1.31766508306487
"269",17.6604937139605,0.283717007223283,0.0468930211616551,-0.551500840633894,-0.73833497233345
"270",17.6849960973165,0.160524121469918,0.0302992173431243,-0.904541708948132,-1.33988162509019
"271",17.6083670127469,0.224662231256783,0.0291217513598401,-0.686806585944843,-0.603323631266852
"272",17.629858886339,0.374470720467217,0.340901963311145,-0.450723254165383,-0.965638947954816
"273",17.5676078819139,0.335672937835216,0.0534924995258781,-0.421421751593772,-0.943790636313468
"274",17.5326708119516,0.376232411146989,0.085395776447209,-0.633333749365724,-1.2076928748128
"275",17.7706890802183,0.457957224342516,-0.0709801334105296,-0.481648460467681,-1.18545591672071
"276",17.5781955442999,0.239711082562321,0.116501946439662,-0.715832903204283,-1.02889342289606
"277",17.7060166624777,0.286177921155763,-0.0996933963569022,-0.853668661513722,-1.35170397350658
"278",17.6273429448349,0.509348537936372,-0.0519205658078907,-0.538841570885488,-1.26794209098679
"279",17.4913227427529,0.386055183918063,0.0982389994574652,-0.378709486831389,-0.843026191251317
"280",17.5383847550787,0.713846736274691,0.394240511033636,-0.264722192957836,-0.88054947099272
"281",17.3565281794802,0.481645741287684,0.10236160525481,-0.514608068188267,-1.29997858707517
"282",17.5757376183634,0.480275774865118,0.021532714964131,-0.70439709716896,-1.39166131196235
"283",17.6215321267917,0.42209315912998,-0.0112765448167305,-0.558248644276064,-1.4279893396903
"284",17.6220606751399,0.441672657754412,0.0280486532062362,-0.745994521639241,-0.941346095641303
"285",17.7259650878016,0.256429766149963,-0.240546037715564,-0.456729757479033,-0.893530384604762
"286",17.5447497924567,0.232857491967257,-0.0236852171547534,-0.98800814778162,-1.60701725682515
"287",17.7163595042971,0.277593553036709,0.0722799831529842,-0.48993267423218,-1.04043434880805
"288",17.7059068021167,0.294725252354956,-0.127061143439996,-0.942294875788699,-1.53093543174001
"289",17.6671912692786,0.209215435780896,-0.333877017815584,-1.05560469264658,-1.55942436219411
"290",17.6494703037668,0.157904631377314,-0.169826100420491,-0.955702311034137,-1.44924135339839
"291",17.6329187882848,0.368678344143647,0.177143425295255,-0.417310537749764,-1.24797755923635
"292",17.7245685575187,0.283855268521326,-0.149782917264111,-0.562980266107054,-1.10468834289003
"293",17.6351392266841,0.42574527878604,-0.194140614907816,-0.641637163703804,-1.38619113158902
"294",17.5607533129603,0.460752767261628,0.0922491511336018,-0.361365464807167,-0.899588084465118
"295",17.6547411305757,0.264679715650151,-0.0150780711948039,-0.850421826023041,-1.51399611054621
"296",17.8074926211355,0.257293428152512,-0.331432720501595,-0.833440009769834,-1.15618980036607
"297",17.5942919666495,0.372369941253079,0.118486174463615,-0.338538503694737,-0.849093308965187
"298",17.7062490223563,0.409201727384379,0.215781348280902,-0.8925516647909,-1.23433234260034
"299",17.6667922697753,0.348148539214027,0.0492391536117576,-0.536035778103458,-0.967209922717635
"300",17.6725801900945,0.238186266846632,-0.212075702347799,-0.894742668201701,-1.34327680200527
"301",17.7288348587214,0.33909861518463,0.0679056008825819,-0.644674835365101,-1.6114548485856
"302",17.7563350873305,0.263345666109852,-0.322746679663403,-1.12688654957149,-1.43958437115316
"303",17.5905666214147,0.140923286073301,-0.203805727518089,-0.591497117499539,-1.13873170263966
"304",17.6964217558287,0.305750282499855,0.298673963287812,-0.365916998065642,-0.899726570894091
"305",17.6330993749115,0.292724682751183,0.185645627814775,-0.290086606317179,-0.90094969129277
"306",17.6914564302179,0.0542450855315603,-0.112676352358562,-0.757416216992391,-1.27092483388439
"307",17.5928697888129,0.397312709853086,0.0139260901512322,-0.635726506184538,-1.43532259223505
"308",17.607941447443,0.557783023423459,0.282999429531474,-0.416416913828459,-1.28076046951893
"309",17.6467702256524,0.273362973329887,-0.106642439956961,-0.635368038017305,-1.39866721998161
"310",17.7298502960031,0.125759037493957,-0.0405735501777875,-0.575620070812765,-1.30033255528721
"311",17.6095834095124,0.453046955967188,-0.0264327251452305,-0.746357199092687,-1.15633820484133
"312",17.6835444466463,0.547773861729626,-0.152884618095631,-0.678472063295609,-1.10970127862873
"313",17.7238985277759,0.266145141031545,-0.109672667432854,-0.90871768852855,-1.2139421598351
"314",17.59018160554,0.570296415707985,0.235471114090769,-0.142668718625314,-0.461213771801753
"315",17.8425681668518,0.296257442669004,-0.079017524683435,-0.619518697371367,-0.923330073959048
"316",17.4929980009993,0.324447868790828,-0.0248398876027561,-0.702182347707194,-1.53268150599808
"317",17.6017692232162,0.204893441806668,-0.0808474860815288,-0.620852645613551,-1.48084129034933
"318",17.430139005482,0.35611492400964,0.333674270897373,-0.53395807638182,-1.37335638856667
"319",17.8457424762238,0.147874285234113,0.0723342303546876,-0.392284606744067,-0.990770619959173
"320",17.7022071714188,0.308353377841234,-0.060081889164243,-0.510876472716214,-0.897805569667434
"321",17.5462356071467,0.309685790457111,-0.172538707548509,-0.665748696892159,-0.737408485881001
"322",17.6138915224795,0.493610423833636,0.216620620322902,-0.782370655701139,-1.10691449701842
"323",17.709259733277,0.306619079271562,0.0288687767970631,-0.483897583531667,-1.02538246052197
"324",17.9721799210495,0.147860693106954,-0.419840648259776,-0.810340803627556,-1.57036835952881
"325",17.6293895237046,0.46249821197681,0.188324952348903,-0.460088376011049,-1.2881348912972
"326",17.3958810423464,0.590482809509037,0.253957765009446,-0.491617501955481,-0.784273327224198
"327",17.6854045338573,0.303054009999701,-0.0643291019604059,-0.746027072976542,-1.25522119600965
"328",17.6063799854461,0.150784411745113,-0.168381011200674,-0.702721633809784,-1.08102138698086
"329",17.6635214376801,0.295858838977101,0.122420264598923,-0.761506704295486,-1.04017805945648
"330",17.5804218691604,0.184281656477066,0.0619077117621199,-0.561480492918947,-1.0962065116222
"331",17.6284397793734,0.431190539959559,0.0833463348041319,-0.428073906034334,-0.913018122822828
"332",17.6473267044185,0.371005642615847,-0.0946482680352278,-0.611636684132385,-1.11278080298382
"333",17.606512800003,0.181810783982096,0.0105519602256649,-0.987242141781022,-1.17423870877309
"334",17.6300815711207,0.16808134694141,0.0049551450127416,-0.500719275504251,-1.16982239014154
"335",17.7221276858651,0.427433678642226,0.240022217555254,-0.782483930120236,-1.17917327986212
"336",17.6974435377171,0.570510035069588,0.27698977071024,-0.574824920292328,-0.827030118181185
"337",17.6343297769334,0.362956595474743,-0.129829056014553,-0.691240942743456,-1.23351761879821
"338",17.475178652256,0.339238124940787,0.143985743158834,-0.515442111775518,-0.871953154648723
"339",17.4883609365127,0.53893159999021,0.0813026507624485,-0.853040839067397,-1.67060110328011
"340",17.6931991719651,0.211600560005662,0.0133822882992621,-0.670134082355331,-1.30997122261895
"341",17.5142254081714,0.386070410088579,0.204988899024938,-0.519640051263685,-0.968403891883653
"342",17.7492439772685,0.280090222643325,0.142725122656329,-0.629440158169404,-1.29278079249589
"343",17.6797557599502,0.423216451521448,-0.0546923795153655,-0.336633376534984,-1.33028246656846
"344",17.7127509329421,0.450687424775233,0.13604069917653,-0.377304751514789,-0.965953930917568
"345",17.6806058020252,0.340090682999482,-0.0556763887861915,-0.718227191376932,-1.48747962317392
"346",17.6397474445588,0.305761488094789,-0.207175474009252,-0.754805203791845,-1.39665331694165
"347",17.6868115991398,0.380426471583205,0.275905345013541,-0.259150668519964,-1.2914225368617
"348",17.5483738669535,0.393711806499677,0.356116110564811,-0.291495804928789,-1.25038956140458
"349",17.6770025270566,0.485756517116182,-0.065967636630004,-0.675765977011975,-1.63421790957702
"350",17.5620521517141,0.416994943152852,0.345823083978004,-0.0935454519323308,-0.535825652679137
"351",17.8052884864729,0.300450811897088,-0.134773304036345,-0.790044101376941,-1.03862819245476
"352",17.7276564807142,0.457726707844024,-0.247758346881757,-0.801868525473758,-1.40173633809301
"353",17.5879062252144,0.385365181165069,-0.0713086405784407,-0.605639708793044,-0.477286131887611
"354",17.7731215910812,0.37022813597886,0.012873697727572,-0.759064196816706,-1.34053608692551
"355",17.6417834422082,0.280821983455189,0.169857159401519,-0.560819668155662,-1.42528576696552
"356",17.5440312507374,0.442142953769595,0.0976146120326815,-0.676959478235017,-1.18493257334252
"357",17.4835580116231,0.499919703226265,0.214809174741437,-0.557260168742084,-0.817757351016474
"358",17.7984875749508,0.354612298599122,0.120785157101925,-0.68674214378561,-1.62635514830802
"359",17.6774310600673,0.485805570065216,0.0675312419998378,-0.719674753771568,-1.1775179428448
"360",17.7790126425893,0.373659446263906,-0.000451292492953166,-0.852174135899206,-1.36362126814683
"361",17.7210806582784,0.235112259256378,-0.140651941376806,-0.86397840892463,-1.40743407862707
"362",17.6067020819816,0.395831112151416,-0.203129834523238,-1.02445558208202,-1.45063238093779
"363",17.5878778382836,0.362037223693586,0.00721055858230896,-0.379847187835054,-0.80749170978841
"364",17.7427768625833,0.380470690699966,0.154988327160037,-0.608563813226702,-1.09110680856645
"365",17.7778441124249,0.285352508053709,-0.159931187071165,-0.756534480736241,-1.48147218644973
"366",17.6242809193394,0.412355682480791,0.127921002770669,-0.33955142404339,-1.05952218447446
"367",17.5983672338368,0.382940872982376,0.091315792112037,-0.228693623250796,-0.959653012162712
"368",17.7963026532803,0.382313721253273,0.350120390487316,-0.279516791314076,-1.26652365054121
"369",17.4356451211478,0.355285238236505,0.278848114470369,-0.516148867124649,-1.02615909826232
"370",17.6166839065989,0.442694826563495,0.222192850089893,-0.74682359422108,-1.34144263600144
"371",17.8404184764059,0.290393152463294,-0.0619032881320593,-0.54107351073688,-1.21207107870259
"372",17.8311012956308,0.226600944375443,-0.00954938683299738,-1.04443073751021,-1.68572773785161
"373",17.5858558910211,0.318666192084566,-0.0134433506856187,-0.768709121012202,-1.16696386148222
"374",17.5689907388464,0.38777518359401,-0.0194700435681598,-0.996149898285417,-1.18915457005993
"375",17.6265407312194,0.364693223623938,-0.110487758098793,-0.724519183016049,-1.25318619670606
"376",17.7365487720189,0.246814023568016,-0.189361346071051,-0.966888049217547,-1.28985859323255
"377",17.6589550366858,0.356726635564177,0.126323860618326,-0.716157906305876,-1.66791793059409
"378",17.6547996008716,0.375870492241519,-0.191136266637797,-0.488888820983875,-0.880253936241583
"379",17.5518883276884,0.312489519432392,-0.310084985547246,-0.90298478260657,-1.33405197904473
"380",17.6209778506927,0.405642765534427,-0.0766792512664365,-0.622808260932323,-1.16749063382308
"381",17.6471226026418,0.434464371509974,0.10507390897287,-0.505379641926847,-1.08786774630703
"382",17.6837518429245,0.290219439488146,0.195223059766836,-0.479249770485558,-1.12990756290976
"383",17.618835798408,0.383457415466162,0.527482887347558,-0.439542886444452,-0.942429021388287
"384",17.7260564961827,0.393006438615918,0.00187292601406599,-0.861458573080572,-0.885035096322295
"385",17.5041359338654,0.534116372459196,0.278706297060308,-0.599432967694792,-1.1386159394328
"386",17.6497569820185,0.56235904014736,0.230155645009449,-0.250239291675437,-0.357739659833242
"387",17.7123159815091,0.424448829702941,0.0507909324177861,-0.22358667981524,-1.00398792175432
"388",17.6202557417001,0.499843303431899,0.238061704498023,-0.645053041156679,-1.23142523006424
"389",17.6713461777379,0.383953438580315,-0.0856140277103271,-0.702908571223427,-1.32897075168244
"390",17.5766232390978,0.547027055220072,0.0347004701999952,-0.695102728056158,-0.843740770496093
"391",17.5807070143965,0.387625965249893,0.0275932776091569,-0.54588425362284,-0.925122891436107
"392",17.5356555813542,0.549224879944153,0.105937668946673,-0.319761155419987,-0.890374308115202
"393",17.6870194059854,0.242138896453102,-0.0959212919510678,-0.789524399365219,-1.21722149432415
"394",17.6731670436178,0.613594860933686,0.198071831857793,-0.681106256772499,-1.17280360410545
"395",17.6318014255726,0.22412116986111,-0.143445510247146,-0.796023680961875,-0.979571946770673
"396",17.5318696344898,0.348566228512087,0.0925549605004094,-0.562217948258356,-0.592851023903186
"397",17.6200922277209,0.360939254100314,0.159832539734837,-0.68855247250331,-1.17524866986311
"398",17.7374730716798,0.459840808010593,0.275404899239112,-0.488607054281909,-1.15326417260738
"399",17.6029328209806,0.37404038930587,-0.059691364270124,-0.866565340106998,-1.17871890113129
"400",17.6863455235631,0.344518628395641,-0.00983652704855973,-0.751213727849859,-0.91266256207292
"401",17.6820452211489,0.111819830689958,-0.0277689589248462,-0.628214411821105,-1.07462650193922
"402",17.5596744040809,0.367987487829172,0.137544187387217,-0.49434750459514,-1.18323490834361
"403",17.6919389977581,0.382644266123309,0.169059564528029,-0.609077275137903,-1.62450714975629
"404",17.4251341605063,0.420268633813575,0.225739275457722,-0.379284591158809,-1.33477325259027
"405",17.8664248194439,0.129543237420052,-0.0747824265640146,-0.903126216197133,-1.59573430911081
"406",17.6035443593643,0.509442030122191,0.140985237301992,-0.405728355502284,-1.02026925253349
"407",17.5585330678341,0.46395471810803,-0.00133018561710337,-0.611401568805059,-1.04892068818255
"408",17.5542968981994,0.43511047881695,0.127645581339328,-0.489876222047296,-1.31493881597905
"409",17.4384299822519,0.458909505502572,0.246051397747761,-0.4318378580335,-1.0030030434654
"410",17.6126987157279,0.305017896680525,0.1127683693305,-0.737486571835984,-0.878443508139743
"411",17.6363641509369,0.43076551148609,0.198359470205725,-0.393843671562033,-0.970553522246504
"412",17.6235482387484,0.363050506418818,0.0515162271778414,-0.567676976724822,-0.945938181432099
"413",17.6396741856591,0.439814290925278,0.300741273109138,-0.572486838508873,-1.17683605399603
"414",17.5638923708109,0.535884620811026,0.528857036028619,-0.444343698096769,-1.28631617532945
"415",17.6385203964443,0.234235660837687,-0.135910465372898,-0.751423987548149,-1.38643093781558
"416",17.5730280689837,0.271366281829415,0.0564724812996331,-0.52034189395118,-1.2811262292141
"417",17.4908854038708,0.354904255051879,0.265610388644021,-0.602157187728539,-0.895356207738824
"418",17.6597678723028,0.415547406518876,0.104221529350103,-0.433018887847373,-1.04159500885838
"419",17.5405522012626,0.344527483961684,0.361906713344581,-0.418186576211621,-0.821340441299734
"420",17.7636613682715,0.268908028910095,-0.0145535133321047,-0.942784669095739,-1.59399436317587
"421",17.6417716881051,0.309362152968538,0.00317992268991808,-0.880617508850785,-1.08953226259166
"422",17.8341247717223,0.316656247425207,0.144418172029981,-0.605973681381134,-1.18447057942527
"423",17.6035310970842,0.303288284449073,0.0347801259067591,-0.545792485691099,-1.07951686039178
"424",17.5671806857534,0.208024883811364,-0.0141763562238263,-0.64604451180592,-1.0218968111346
"425",17.6836282711176,0.422995460991179,0.0424064508746352,-0.850612905701582,-1.45444900018714
"426",17.5473566011492,0.528959359330285,0.261555750132022,-0.576143637723624,-0.687936579213353
"427",17.607348601208,0.250700706357941,-0.010872358169787,-0.762888424034494,-1.5422906315922
"428",17.6414862479241,0.187461297923653,0.0608563190895511,-0.504653752949285,-1.07396312674333
"429",17.5957989783715,0.250128254762431,0.239940883678102,-0.551912826675092,-0.954448538921809
"430",17.9216044247403,0.168456031210978,-0.294191097679439,-1.14581117006881,-1.86758351948146
"431",17.5620381393722,0.310182374110263,0.133886856560874,-0.274221103665412,-0.984538434952163
"432",17.5974840101612,0.375201242999886,-0.111991123500525,-0.863765248767676,-1.38212656479372
"433",17.4551085965492,0.430092002325124,0.133249032787891,-0.265181426652402,-0.600588604522753
"434",17.5168555356947,0.435898690208455,0.217751662368257,-0.434293039179625,-0.805160097826943
"435",17.7237192274467,0.259338879426569,-0.259630392569411,-0.64893711777708,-1.50859916372787
"436",17.6875588543685,0.200790509888046,-0.252318766072788,-0.961470213864605,-1.13867724926687
"437",17.4363117115749,0.413374507024382,0.193751149066199,-0.717844779272451,-1.3156985021493
"438",17.3711813905192,0.277331658863991,0.273221554314925,-0.406338266702855,-0.759392119810074
"439",17.4808520112687,0.316017252048519,-0.144181095626016,-0.551153296972577,-0.832072400901314
"440",17.6683828661044,0.299056779364791,-0.112107333119076,-0.668530835786557,-1.35469515009163
"441",17.6066210019614,0.25519773925874,-0.0269195356967133,-0.566226113636576,-1.01074823310772
"442",17.6012797084045,0.280019027896163,0.15069005990553,-0.659357339505995,-1.25224152906524
"443",17.7114074710332,0.448443667050131,0.196218386497591,-0.453291801882311,-0.752337921845198
"444",17.6775787557991,0.281353644747153,-0.174383485728046,-0.614376216032745,-0.978838681138293
"445",17.5816401110873,0.603856950855979,0.160612752386584,-0.4857989052754,-0.962412207612467
"446",17.6402886690722,0.444699197992125,0.0591513170658057,-0.185699169261217,-0.656725672407356
"447",17.6590817467749,0.32283524691016,0.0240590133609112,-0.65405418685882,-1.2275281973922
"448",17.8893516986588,0.17997477945928,0.029175827897059,-0.340703826894123,-0.88484790027962
"449",17.5943260162527,0.379776786821617,-0.168474663410225,-1.03863244092178,-1.02571428150876
"450",17.6707179027603,0.510819880180555,0.152214359493962,-0.602442557418098,-1.30559843419954
"451",17.3993254182243,0.543670766155074,0.484584941535476,-0.305550770722079,-1.05566108277118
"452",17.5535822159856,0.459983602869894,0.11235725343659,-0.508936241693576,-1.18406619650073
"453",17.4951816238106,0.30000752736345,0.27493107691858,-0.0947675206771616,-0.21237420748692
"454",17.8242277019699,0.144667244231569,-0.0810653729549614,-0.813984626451366,-1.10501724295165
"455",17.5901571179054,0.326082179961839,-0.0093542797071942,-0.544889113204145,-1.16111120400001
"456",17.5890227586949,0.369466551521438,0.210211273591624,-0.628928950392518,-1.26731666566962
"457",17.6868443377413,0.182194623584516,-0.0950400196242071,-0.771217071109851,-1.47866473763793
"458",17.7012127401576,0.36950739462672,0.184607172979096,-0.603024085649529,-1.25025970484928
"459",17.6428874746721,0.209754732624512,-0.126097874339959,-0.515193095207692,-1.45690072653865
"460",17.5326098991771,0.408972721150161,0.156445509741568,-0.607447039234339,-1.21026290266537
"461",17.6312113906515,0.196024484996848,-0.174405946169242,-0.675828819510717,-1.18931146144331
"462",17.7059190733568,0.377476852425033,-0.0522445000239364,-0.854275686142766,-1.53342240004487
"463",17.5775022806233,0.316025562226543,0.14501266282431,-0.367105651740665,-1.23059139731712
"464",17.8001348052511,0.154659635630376,-0.0298477977380225,-0.586457031374411,-1.21587486196799
"465",17.5760553271789,0.360104221685585,0.224643966882509,-0.755408584392638,-1.15479163150139
"466",17.5261940885723,0.443399323504498,0.00125007331166161,-0.79380003091503,-1.02636684235225
"467",17.5680881208456,0.247696118738954,0.183951490885512,-0.469192578782872,-0.539466791197795
"468",17.6645117698735,0.30423025445832,-0.187782669363539,-0.469715753811353,-1.22962451040975
"469",17.6227057956487,0.588743304381412,0.373682399873594,-0.283324693909453,-0.729901160796353
"470",17.4604887670134,0.430422722068215,0.431945395096207,-0.432783717056111,-1.17386616380486
"471",17.5641259145488,0.343722865625285,-0.0264955297095713,-0.88583129142448,-1.45436104026682
"472",17.4474367639104,0.375608733237803,0.0944465754688874,-0.616976271919757,-1.01610936101358
"473",17.4889267386893,0.226975227040408,0.0412898957774321,-0.573393125327519,-1.32434468306773
"474",17.6757583778951,0.202318449555759,-0.0268541805439904,-0.692311382104468,-1.52428910838173
"475",17.6875490346696,0.464277741408576,0.392686835517782,-0.684401911599066,-1.05456718509576
"476",17.7767491497723,0.369162979944909,-0.103150558891115,-0.515899480123935,-1.04309817488657
"477",17.5438315211473,0.286929190208706,0.143046653386118,-0.3655088271549,-1.13001633980715
"478",17.5504589844215,0.31740082687044,0.195097431340229,-0.432120915279496,-1.00108877339151
"479",17.5544008561566,0.498423142318708,0.386425444486238,-0.441503017856753,-0.687620090980868
"480",17.7530676628398,0.31987370993643,0.0116116706810967,-0.790223979296867,-1.04661617066276
"481",17.4587742977722,0.32627570055396,0.017430193926984,-0.674525100555425,-1.44967181631297
"482",17.549132183777,0.54504642973161,0.371798528307714,-0.3375904983385,-0.755621540697471
"483",17.7186414519772,0.314523471789289,0.0917668342428314,-0.393147471096668,-0.826764463421687
"484",17.7398910638789,0.359063611545156,0.103389810051608,-0.781230019884095,-1.35557762432394
"485",17.5651428880495,0.390870916082226,-0.102412779338538,-0.61308499570809,-0.832348809991229
"486",17.5702808194176,0.286072819256976,0.054965489503695,-0.622417829959018,-1.14784816921497
"487",17.4224622599054,0.473728322249065,0.299863032866272,-0.290999660265966,-0.698769424065537
"488",17.5003529761565,0.372145148383855,0.165075898342387,-0.901488277093827,-1.10261949029676
"489",17.7778453688634,0.377993095388745,0.00727697999403652,-0.929964715389522,-1.62394773769536
"490",17.6699743019951,0.294534921862684,-0.00156161780916265,-0.798271805176984,-1.3487271657747
"491",17.6515520860904,0.336245550977074,0.18875764517522,-0.563440563076321,-1.31213184391973
"492",17.5928262937608,0.562154976202749,0.0674723900628751,-0.404501842406192,-0.843319265146688
"493",17.5766687893563,0.432211235583142,-0.0844668014948368,-0.717071229697923,-1.23030428609836
"494",17.4598501462529,0.478856020074361,0.15043864625562,-0.294538868770109,-0.836824709559394
"495",17.6400131689196,0.411805213109653,0.0499437221948937,-0.558016661894977,-1.42939345566509
"496",17.6464223949213,0.0857806851995971,0.00297422259075984,-0.422348324228729,-0.953774701086156
"497",17.7461451369581,0.476444716254599,-0.0117174397592671,-0.720817046582682,-1.28168880557675
"498",17.5612067239588,0.0914655484553762,0.0372546834578287,-1.00186797292271,-1.29438321845764
"499",17.6325582312609,0.318899957261314,-0.0484540356339517,-0.697895584538786,-0.66552643954209
"500",17.5155416043751,0.316796728478721,0.187327214363656,-0.7657304397596,-1.22590662545609
"501",17.7415290464435,0.217437299667375,0.0591100538051367,-0.821196320264775,-1.21227165128994
"502",17.6313969253047,0.482053149383703,0.316368910920317,-0.347386749045877,-1.00593997138894
"503",17.4810586669088,0.296950343325331,-0.0427298314708111,-0.519678329896323,-1.11645802264294
"504",17.7229536320618,0.291523931674394,0.0485241407286956,-0.641627880413415,-1.56448184363151
"505",17.5409250094808,0.346900261789883,-0.0922646348366959,-0.636185523376784,-1.22932235024967
"506",17.5554694222466,0.178785894917503,0.234697177117809,-0.3503482425192,-1.15270039525509
"507",17.4363090034915,0.432418367891691,0.271485622715068,-0.643955345242296,-1.04998991816994
"508",17.6596729049193,0.451585107080607,0.0801915248826722,-0.605799908833541,-1.48782475971346
"509",17.5817075930047,0.432090171179436,0.0633164478233574,-0.430499302975667,-1.17291964589586
"510",17.5818907352596,0.303450379618452,0.024155269840492,-0.669862005943804,-1.35336969544942
"511",17.6553806593601,0.249821058222504,-0.14319983150336,-0.690368377174596,-1.40988148583511
"512",17.4644701198664,0.27501333492411,0.456075479797273,-0.259827335063743,-1.11265781993483
"513",17.7364666766664,0.375111617993912,0.180383329980668,-0.301950579189715,-1.31057236835442
"514",17.8143805201247,0.360454238192844,-0.0834701635613849,-0.684765528477612,-1.07578922610158
"515",17.8365226120338,0.339397870448267,0.341818763718308,-0.619636098759286,-1.26030351217768
"516",17.6732473305823,0.314641644689076,-0.0154489310638889,-0.95257678770785,-1.16466610289794
"517",17.6421694084084,0.478608109228883,0.194238047450811,-0.547289049391227,-1.09471160523371
"518",17.624614123525,0.442388566733419,0.150860021685965,-0.68129804565722,-1.25501183486068
"519",17.583458189883,0.379341704828527,0.365328954672054,-0.476147329745033,-0.858487510686709
"520",17.5188441616885,0.312166897511788,-0.0110970195062773,-0.891969848545193,-1.35881296679416
"521",17.5395041280702,0.344357030988349,0.0592358340400238,-0.624652814416394,-1.37208459538394
"522",17.7210760453949,0.378707110082154,-0.180532662454886,-0.888454269249514,-1.59166567805372
"523",17.7981930261559,0.274281441656133,-0.239768749659888,-0.839535802968035,-1.21563784041762
"524",17.7084221401226,0.340435289507631,-0.267083926077512,-0.780669391133262,-1.4500279373645
"525",17.6601001283672,0.362710307086502,0.0224483713442039,-0.706884558386347,-1.11619675347495
"526",17.5203938272483,0.476368058334217,0.266583428421487,-0.152246692943127,-1.06189163444125
"527",17.4990073772761,0.662325741727417,0.12115323778534,-0.335832676871984,-1.13830680278617
"528",17.6247954748512,0.25424353475561,-0.052840222677943,-0.785547984399536,-1.02031529450304
"529",17.6185950897352,0.186906946872816,-0.235239099512176,-1.05274146221971,-1.69852742628755
"530",17.7326178473275,0.343712715777297,0.151169464966129,-0.440144130439635,-1.21092614268435
"531",17.6445563347893,0.146084614940961,0.00507058395212483,-0.444366972322726,-1.20477219546968
"532",17.6394340391364,0.374467847246933,0.452777489387396,-0.426878517725375,-1.38598417303327
"533",17.6055664274302,0.441319262292983,0.0700498482957792,-0.541940880383894,-1.37003046159567
"534",17.7968198318772,0.329531772118539,0.295632339210928,-0.408495458134943,-0.522894103238313
"535",17.6893510276748,0.23055360731793,-0.202879751817602,-1.20178204361606,-1.69260373890701
"536",17.6687185917744,0.378846685549313,0.113938051164987,-0.573613968068388,-1.48741171944299
"537",17.3930817773045,0.54899342057901,0.349336676907058,-0.0363978949278806,-0.909837513363418
"538",17.6165058865712,0.478954397106714,-0.0861837095416154,-0.601604412027301,-0.788904282770796
"539",17.6580151889811,0.270598903822109,0.182004334383326,-0.73355533771012,-1.26714393292825
"540",17.8058759780184,0.22558958697106,0.0893276842409854,-0.69319284723876,-1.20634895021708
"541",17.6696790511867,0.305853977621912,-0.153628687544169,-0.81417640375499,-1.0764425757011
"542",17.6365120152905,0.406933588009191,0.0137226023456336,-0.539282605362494,-1.28919363962366
"543",17.4085145236623,0.266041707729135,0.218496967994992,-0.216940248445588,-0.579106001069022
"544",17.6123108950548,0.423576009599939,0.199713124768199,-0.300109655746451,-1.06164732101397
"545",17.6900782301644,0.398978119519217,0.114712536878386,-0.643799461167011,-0.875216112124075
"546",17.6448270083383,0.326589468624943,-0.0183434647279596,-0.779972125371081,-2.03457888141817
"547",17.5983172623487,0.085557539375641,-0.0330047757875826,-0.759492876583813,-1.30279860649021
"548",17.4724340647216,0.523229603931074,0.220469941745868,-0.647298510395808,-1.60491528546035
"549",17.5157787540528,0.496752234752845,0.0824327970341401,-0.563048418662148,-1.22441123979592
"550",17.7862827641225,0.388747342982592,-0.0406765962299304,-0.808023078331318,-1.06203590917682
"551",17.5364706286477,0.462712547733574,0.213775061952073,-0.67882968658449,-1.39438682170321
"552",17.6393181840628,0.221596958095419,-0.102612959511277,-0.458006589175343,-1.48040087620108
"553",17.5806499711531,0.244009451299784,-0.135276304644804,-0.454440542389789,-0.875506392673527
"554",17.6269227667753,0.489400421036924,0.272581346733971,-0.384715555632548,-1.32405373268763
"555",17.4578115160287,0.514218514275657,0.183582384845253,-0.220864256998891,-0.846309078206778
"556",17.54918281825,0.41898383641269,0.0144565466433238,-0.475079614894793,-1.2541318510465
"557",17.5900935961112,0.292413462808914,-0.06917011294797,-0.681514934556281,-0.869404936758472
"558",17.5317129303555,0.361057866553574,-0.0542760658042282,-0.789250817996744,-1.25052756529039
"559",17.4715576715968,0.467800062689475,0.164455580794117,-0.71248544128341,-1.26133264105835
"560",17.5952116694703,0.216377415401397,0.163028740371777,-0.777119545805902,-0.898266217246191
"561",17.6520395320815,0.26282769271495,0.0353038180117231,-0.565538459538513,-1.39454636835827
"562",17.6004546955568,0.309630813607038,-0.115592598908119,-0.599070355942132,-0.938561664651267
"563",17.716428788432,0.195458138973977,-0.115060940401386,-0.639416719379578,-0.887084523162399
"564",17.777743512361,0.37456145423951,-0.259941314863577,-0.713589394633894,-1.16074144607748
"565",17.7016741395392,0.444810073098288,0.253829305483723,-0.351936263838615,-1.28633083383872
"566",17.5027650231047,0.446567285444947,-0.0576013843927809,-0.668756233369322,-1.21441287456532
"567",17.6273259341875,0.42177858998601,0.163639947935854,-0.492875293076929,-0.84617513214744
"568",17.6211771296478,0.505895392964051,-0.0691195030035583,-0.713041826000714,-1.17869018537725
"569",17.4406050706321,0.41671616756384,0.533438559071139,-0.611665048692462,-1.20088561959215
"570",17.6548377625558,0.249953536397436,0.0605369428487711,-0.642600824641221,-1.73281550109108
"571",17.7639374594435,0.267075637772897,-0.101305294601883,-0.805299609409419,-1.65685064047071
"572",17.6603492178287,0.416172939976016,0.121598316289701,-0.30811354992457,-1.08226727230904
"573",17.5993207980458,0.44448279320367,0.149638826407238,-0.601030450418602,-1.52879079075545
"574",17.6325729647034,0.384466127427049,0.185296091244455,-0.659366206554706,-0.942160430438147
"575",17.5403854177304,0.425711297996791,-0.0195685368059482,-0.518119064099433,-0.796243973250765
"576",17.5767827579208,0.112678453494046,0.0532727120119306,-0.766932767545438,-1.07341007254329
"577",17.5321306603322,0.267054655469033,-0.0577815929328327,-0.629313106591575,-1.3563772723819
"578",17.6010355478255,0.538508688760551,0.429327014738572,-0.0335448050319518,-0.88276540138601
"579",17.6304698659092,0.258536509022231,-0.0704195637624064,-0.462390621462939,-1.26351006683904
"580",17.5723022756031,0.299088311046023,0.114215798575532,-0.600107977318487,-1.13440111955841
"581",17.4954979134076,0.497070910196386,0.363684278839681,-0.11210657444655,-1.27401254338994
"582",17.6522893891735,0.57321593436685,0.0480195371744082,-0.511243125680339,-1.21984971526131
"583",17.4527982221684,0.336830444802634,0.210779533457953,-0.415453244304492,-0.638598106106093
"584",17.7961285278857,0.247776984496072,-0.155182236258808,-1.03822612169102,-1.5609170662561
"585",17.8141258406853,0.270532736823538,-0.0393916669131775,-0.747069387901516,-1.08840390321361
"586",17.5821758073019,0.443257392512627,0.216118726292509,-0.493186228967583,-0.927044625028216
"587",17.4462825594652,0.567585577684791,0.219624090017914,-0.422506960707535,-1.13640802995143
"588",17.6032841254648,0.464869480453154,0.26273018362629,-0.326347173965769,-0.85177979445737
"589",17.7253656530241,0.197247952773495,-0.0164528282332002,-0.632456571987746,-1.14359053202894
"590",17.5840627440574,0.393521050918508,0.180372281937708,-0.459879985302629,-0.874925670502374
"591",17.6482552973354,0.256733371232875,0.0451218966769777,-0.460643475022883,-1.22697108652315
"592",17.731498489252,0.267721036840059,0.0764404372643994,-0.794756698090742,-0.788505988105845
"593",17.5752365955698,0.217111484842375,-0.0157187667832282,-1.11506887720814,-1.37593388611093
"594",17.5551432201361,0.315164454563281,0.0282295733586299,-0.451084378089785,-1.26114094851824
"595",17.7772450807923,0.422808669372627,-0.010552079275942,-0.624291157538464,-1.21929703742327
"596",17.5275419669265,0.343056031951426,0.308229911683953,-0.541601406124354,-0.871820309990442
"597",17.8465700614086,0.189007081303163,-0.419557686892057,-0.919079647344563,-1.95779423971256
"598",17.4670256459246,0.437062881098369,-0.00910935331503807,-0.460405119953671,-1.17853706223916
"599",17.4980035745759,0.280566918034174,-0.144982363938654,-0.871056315155376,-1.53517157657344
"600",17.6262946128343,0.445608651168151,0.187659525063414,-0.5937855374555,-1.3689863158562
"601",17.6376241987896,0.46816878616489,0.157172110764675,-0.55305176047464,-1.20731939674121
"602",17.7056102173956,0.381665470711593,-0.0471347693692159,-0.688349366964543,-1.34415533677556
"603",17.8122399569927,0.302976844890986,0.0500637408618853,-0.625566447500895,-1.24769578718977
"604",17.5451107748731,0.513970582833479,0.478096152861709,-0.510100038948132,-0.954237864874112
"605",17.5646711998932,0.444925924528768,0.137571938465183,-0.606385538558757,-1.18282965825838
"606",17.6268298209103,0.332750305830784,-0.022150890287442,-0.79660266412731,-1.21168648180445
"607",17.7681155862163,0.143791942757228,-0.238816588921307,-0.995059284962674,-1.00774936262248
"608",17.5581183766755,0.53050732453708,0.209337831080134,-0.309599510426734,-1.19988028800287
"609",17.6413939091605,0.277204996162638,0.12987577897074,-0.509403872906381,-0.960582982752191
"610",17.5535497710476,0.495147695730636,-0.203376147198561,-0.542578694162297,-1.51281681845816
"611",17.6531743847201,0.36080036736085,0.115840570166372,-0.871884866525143,-1.11836426504527
"612",17.6265110250666,0.440545839450151,-0.100096270432862,-0.879876841295372,-1.18845970685911
"613",17.5026121574185,0.454790956399687,0.109039940320187,-0.710712685016044,-1.09271894358647
"614",17.6235440542881,0.188252024637028,-0.290255966691752,-0.976237414024026,-2.05610530859091
"615",17.6790610719826,0.222343439600852,-0.0571543414248574,-0.50419266130898,-0.939542081160683
"616",17.6001245009413,0.355970868150569,-0.125077243343881,-0.469635432101184,-1.47357609296968
"617",17.5621598453712,0.32972772840519,0.0977613345589221,-0.890879920784932,-1.26374910344798
"618",17.6971215402021,0.281162216935172,0.101059383446847,-0.812800618169762,-1.06838551196105
"619",17.618956243045,0.349197145430825,0.13621525534535,-0.360630800122803,-1.06326864655752
"620",17.6962678859426,0.460843948991581,-0.0552911041714964,-0.856619055511237,-0.805699503553341
"621",17.7958572930549,0.318224699119953,-0.169170285159465,-0.843685827422752,-1.39326598678086
"622",17.52122446028,0.269907823714237,0.117207352783236,-0.610353308903499,-0.94303664727205
"623",17.7255983358655,0.359473711125859,-0.102373058326216,-0.364618919125897,-1.23279778574629
"624",17.5634541255106,0.447410515270101,0.0978208896805092,-0.80885623802976,-1.46143007551909
"625",17.398093338469,0.439310226666506,0.127138966503281,-0.289988274749328,-0.833840320594667
"626",17.5969971742597,0.230604182266055,-0.0115254698804221,-0.60233960786114,-0.884590482849778
"627",17.7124707011192,0.494073840294252,0.303136402213662,-0.682099590639213,-1.18974527665931
"628",17.7013353479257,0.0582367076928173,-0.0284090190618414,-0.931237432905876,-1.26592036343396
"629",17.5157211901728,0.377989268626987,0.0179028704427734,-0.676791133930733,-1.4103767816009
"630",17.5124603976113,0.346032561836726,0.287321729532673,-0.248475790295251,-0.934694196607315
"631",17.6463037718717,0.151917394626087,-0.281318048136832,-0.771184605065978,-1.39449058143353
"632",17.6499190426549,0.393714676322105,-0.12447141700516,-0.503316961729076,-1.36866344443768
"633",17.6683683247395,0.442796353140307,0.0780732600499432,-0.641439047936274,-1.05826928832776
"634",17.6432222343982,0.292782480261927,-0.0553762471315012,-0.538218449546319,-1.10605604986636
"635",17.4885073217355,0.436642417933131,0.0743151392748079,-0.201769984887833,-0.608428079887999
"636",17.7008334419252,0.370803804942785,0.22914579700749,-0.389227268048875,-1.14357735139995
"637",17.5477549112384,0.349694704548651,0.397970855423594,-0.291740000947536,-0.775655985542627
"638",17.424194195573,0.336568226332689,0.188300730029131,-0.339353594860985,-0.790176521801715
"639",17.618044871069,0.210788222765505,0.2416475789785,-0.619483260600291,-1.32742372850474
"640",17.7795704717199,0.149502738342213,-0.0929338201019709,-0.379496969576946,-1.16130021274672
"641",17.6463415610619,0.15437580030837,-0.0699487572850202,-0.559062639663544,-1.53083559023363
"642",17.7481069755985,0.348506795611509,0.183786544774855,-0.744876933843442,-0.914593679376504
"643",17.8567136703003,0.172961050451218,-0.19255746373431,-0.594209502458278,-1.26455945116889
"644",17.6374600263988,0.36082688041214,-0.0693073324925096,-0.899991168769192,-1.40410419085986
"645",17.4512301354184,0.389075891771528,0.105426002008274,-0.378097795511348,-1.08654240433526
"646",17.5413832490832,0.356790296129377,0.164739814378436,-0.783209472882324,-1.14190583939242
"647",17.375919689506,0.511652632682159,0.099108339263747,-0.636404350634432,-0.715623281851129
"648",17.5904210471504,0.286778661365854,-0.0321479339688134,-0.805361216253249,-1.50529960559292
"649",17.6788591969447,0.392733424577958,-0.26742448253926,-0.74537636314643,-0.81429107082052
"650",17.6834472112365,0.363342001255848,0.128337297091471,-0.529939388877209,-1.32597274370146
"651",17.7300967854337,0.343102795872155,0.087701960328723,-0.710279506514952,-1.30056363775841
"652",17.5986334589696,0.4357349776182,0.0151721504843696,-0.581275045547097,-1.32126873481937
"653",17.3978654669344,0.541621258021237,0.0420745091529395,-0.129166807011153,-0.647780863955102
"654",17.7998569434131,0.448543353472511,0.172717496532833,-0.577158373035167,-1.11287760387615
"655",17.5342134958191,0.491676662527064,0.282523220641812,-0.394978825216894,-0.731311808742751
"656",17.6890402647322,0.579562562419595,0.213999431390621,-0.671237084287545,-1.22493451322805
"657",17.6957909147684,0.208971806796465,-0.500275659375207,-0.772397716832931,-1.37614159283565
"658",17.6558627114203,0.128453340157471,-0.0246713393296583,-0.608106000514152,-1.13793055461357
"659",17.8279678228791,0.370593261357993,0.109810767820459,-0.705507305470768,-1.04129076799926
"660",17.6423062592564,0.432177194878237,0.199579159436117,-0.516221586005658,-1.35144849740721
"661",17.845275498673,0.285140022553988,-0.154181965457401,-0.878005716940304,-1.32429261622558
"662",17.5062032734567,0.360875338799319,-0.0846588847363148,-0.767079506449794,-0.912072181990796
"663",17.5271116978831,0.512156928504733,0.120778522669918,-0.856789975117932,-1.14847720415709
"664",17.6625479590751,0.193952139089641,-0.0737318324449118,-0.493619718345805,-0.728072538305324
"665",17.458565535044,0.280788612117759,0.190277227981876,-0.436961667602947,-1.0048488145109
"666",17.6456014215932,0.335448537143358,0.132019213034812,-0.49435167643918,-0.958452448480732
"667",17.5897672699878,0.339134672843365,0.00229669764292092,-0.766037039722592,-1.13435756660785
"668",17.5895568945467,0.360356053285098,0.0564857810128603,-0.658952113364944,-1.23506003837181
"669",17.4760224822396,0.322205552612472,0.185950396941257,-0.579400755222553,-0.683057711366686
"670",17.6386044966591,0.430115152123859,0.177742562358906,-0.633756440808449,-1.37018330667402
"671",17.7535053425651,0.419983191843808,-0.0908695789220457,-0.975280744273542,-1.66937371041627
"672",17.7139141012091,0.210065199064123,0.167372881704563,-0.687673601631865,-1.17479552792258
"673",17.8145399805178,0.288242590694664,-0.0148831234604194,-0.945336703152309,-1.58144741283312
"674",17.5819213774435,0.343590724278783,0.180529803301607,-0.62449758708099,-0.868808692758741
"675",17.6234052832931,0.403662612670454,0.15444140971763,-0.416399805502863,-1.04963991714473
"676",17.6161751201042,0.344108665922407,-0.0348077751524433,-0.436922956901514,-0.712237809040328
"677",17.4743277514642,0.377150266187196,0.381919387692094,-0.225541030476771,-0.944929176189642
"678",17.7443653555005,0.203502952513902,0.289027697532866,-0.593854437949383,-1.18661742153229
"679",17.5777199194911,0.216833697208748,0.251256546917821,-0.540690917336736,-0.978105891744433
"680",17.7253260973743,0.293759667957853,0.256380491290401,-0.392974322806692,-1.08434929670409
"681",17.9102412220858,0.232762205285064,0.17498696139146,-0.6432401111138,-1.25042205964412
"682",17.5783145257611,0.42348738538216,0.208139325562899,-0.284406134374771,-1.26380699725306
"683",17.3447038877872,0.403046674775944,0.406784316174603,-0.047836648912356,-0.873634389512604
"684",17.8117163200744,0.317013422548754,0.0946023682579069,-0.739498881406882,-0.959359879057473
"685",17.6103817632927,0.445433219327337,0.0682298767969999,-0.679357957316097,-0.993448562250163
"686",17.5079443432627,0.36075067260941,0.296071666201737,-0.39553362258382,-0.700713656770294
"687",17.6915701172059,0.247925087880759,0.254068001708898,-0.549210681345029,-0.854866848485007
"688",17.6079802023449,0.414355856556496,0.224955167865945,-0.419021346302531,-0.957911116188179
"689",17.5319591780495,0.236761135448863,0.144711363928643,-0.603822936048743,-0.696943070974476
"690",17.5565250405101,0.360139104134465,0.254404299588511,-0.497894381341598,-1.20786981240644
"691",17.651355669289,0.366517631623425,0.0169508690588687,-0.45574611207629,-1.2353815191896
"692",17.8005697560776,0.408716414455977,-0.119121170911043,-0.846842076270038,-1.4127249473242
"693",17.7642033226381,0.206283049603779,-0.0985720184878151,-0.994123889947792,-1.39485677207308
"694",17.6653748732816,0.452855461346174,-0.0360593397329711,-0.543384482319297,-1.19808996024509
"695",17.7440040879541,0.587401656146366,0.248826999753148,-0.472587270475746,-1.03168492665486
"696",17.5258662465586,0.301081035611472,0.193560960566074,-0.554567061533295,-0.435716498239464
"697",17.5683836831446,0.17824222408233,-0.00128195424301047,-0.481773896805036,-0.977047272369373
"698",17.7078534036311,0.366608744414947,-0.037758035116331,-0.937879871074403,-1.42829898976514
"699",17.6006860235596,0.257429087305281,0.0550000195262078,-0.388438647448329,-1.63768095014426
"700",17.6880771394181,0.187252379413297,-0.0265256942461781,-0.563087670648458,-1.19624599446655
"701",17.5601956843472,0.466281755009605,0.190866155080692,-0.406730903558891,-1.09079715598969
"702",17.6995288647753,0.35302353541178,0.380826582020808,-0.565404607200855,-0.89191774007229
"703",17.6137809344758,0.424990729764805,0.234612321023533,-0.325452541977383,-0.830937268748481
"704",17.6079111840251,0.259298631062943,-0.0138098791535708,-0.622932811979912,-1.38510873853127
"705",17.6147871941487,0.304887159679932,0.192591818827033,-0.569615469685684,-1.31473640021771
"706",17.6984870994167,0.476672200921559,0.239021467848483,-0.708971699968587,-1.48547420960292
"707",17.5809026413247,0.212291454192982,-0.0614529719999008,-0.737976358763448,-1.35076623766217
"708",17.69434951687,0.264559462688188,-0.0585284502924462,-0.70076325060512,-1.18234709112018
"709",17.5015693231534,0.485129047765369,0.0833449188280223,-0.778706261440833,-1.39110316416608
"710",17.5902778049801,0.33719846771282,0.0792781003485137,-0.47076729925494,-1.33769258057584
"711",17.6142247476539,0.496958920955218,0.0874752428961159,-0.390455758914812,-1.22577778334407
"712",17.7061115100468,0.417924181807649,0.197659389312641,-0.533483406051284,-0.994140548481065
"713",17.4785151376204,0.452031000793245,0.265985461189805,-0.254667582081192,-0.948830307758219
"714",17.5305483131921,0.574707993803768,0.256526708856971,-0.484380801697284,-1.25502803758247
"715",17.6566008342158,0.303337047980074,0.0337987235381518,-0.73255369721746,-1.55989315703893
"716",17.5214772101411,0.341561462350158,-0.00857048783658161,-0.622617569490892,-1.07779447292089
"717",17.7813797030318,0.481574996959326,-0.112080490253482,-0.829514920908385,-1.04348429608613
"718",17.7131553742611,0.207812400309045,0.0481325890798565,-0.349693378047863,-1.20109352885986
"719",17.5230072502109,0.390157635133392,0.159637026854888,-0.494104092746472,-1.17699228175018
"720",17.6763688394765,0.383322496954793,0.124439062046638,-0.430079406105613,-0.583936250384741
"721",17.6954411860238,0.140840870215278,-0.101424439196184,-0.705604325869943,-1.16017392666842
"722",17.8955657975916,0.334418758965106,-0.165512036837877,-1.09359125161804,-1.41655127917431
"723",17.6468582643118,0.478782242157027,0.181583680023941,-0.612734261211665,-1.18953973438083
"724",17.5867656050182,0.388728844766118,0.0946259722606534,-0.641604287535999,-1.5896469163962
"725",17.6746926603631,0.238013414867125,-0.052431231134071,-0.669503869046248,-1.15308328051428
"726",17.7156984311534,0.335435619058218,0.0160427121765293,-0.59295501386601,-1.13164689562782
"727",17.6153833157207,0.374763296801294,0.0741701106967427,-0.725087033827579,-1.3723544538391
"728",17.6286600322011,0.255106841580053,0.0354235747616677,-0.426108869173004,-0.8774525348619
"729",17.5122656232658,0.628943439977387,0.289609283391749,-0.367705676048278,-1.37386935791708
"730",17.7907953998409,0.362679536422707,-0.0574638787172123,-0.605778881318967,-0.969380691995806
"731",17.7155688305189,0.33115822200577,0.15836593286112,-0.34560704782651,-0.639642362711789
"732",17.4810113233211,0.341700124509824,0.177486232941175,-0.284810186114456,-0.968787187673247
"733",17.7227880547234,0.261821139259853,0.0517742618452058,-0.699400014465756,-1.04332644358533
"734",17.7558595247794,0.195737446864524,-0.0438744807389239,-0.893715094692877,-1.53528701052107
"735",17.6609016957389,0.289529073172702,-0.0105548534546228,-0.934384372754139,-1.30470907172244
"736",17.5420256957764,0.451927666923063,0.354854761426063,-0.338066256432075,-0.777100945912176
"737",17.9386138706432,0.22840000233719,-0.224452624174229,-0.958778480846761,-1.91731172167012
"738",17.7255923894508,0.211936768182935,-0.145150989253487,-0.665816683772539,-1.04257059795155
"739",17.5492418464416,0.349536911533091,0.209357198534285,-0.413130481152272,-0.811616413818736
"740",17.4479328718652,0.582847568942696,0.29294008050721,-0.143905621320101,-1.12579949064693
"741",17.5445248364819,0.422040059872135,0.322683090675334,-0.257234544860915,-0.981026499077223
"742",17.5220274450138,0.333362395148576,0.313309038034399,-0.244940810115325,-0.555976177381462
"743",17.6198152554512,0.444062718018162,-0.0374492573860092,-0.487588532568431,-1.07339084390831
"744",17.6991949405824,0.313081389761303,0.124469951683976,-0.719464281177643,-1.15397392878644
"745",17.7214081671737,0.314700632553841,0.0461589984176129,-0.918985474311172,-1.41017798719783
"746",17.6727397990752,0.253966909380781,-0.0538832117661378,-0.67375847918309,-1.10467751263611
"747",17.7575767048977,0.396972292234195,-0.0805761496181275,-0.673944589602858,-1.05545333928226
"748",17.8535637818955,0.432985597072117,0.119283791652785,-0.731449580483856,-1.23674307875019
"749",17.7267642235767,0.264445175673332,0.0172172737547407,-0.573073979712411,-1.27474258040181
"750",17.5991119963062,0.411095733536385,-0.113783478751828,-0.349082821889531,-1.34593069257799
"751",17.5709217731514,0.223478709232927,0.0928415740825544,-0.551915086938673,-1.04183764400296
"752",17.692910130344,0.333848296037469,0.154605641848892,-0.588395790474508,-1.21157449560658
"753",17.5929362133795,0.237519074222234,0.106446612433896,-0.982740835187411,-1.83373717284128
"754",17.6362219284303,0.291822982870704,-0.0514662945942118,-0.426341993848784,-0.923060551221672
"755",17.6868091854514,0.474468894849942,0.122670878694589,-0.528777122576806,-1.09926302121926
"756",17.5511422555222,0.288516844786143,0.0881623825741387,-0.580532736615275,-1.27132067740924
"757",17.5814948712548,0.403993390871709,0.155747179329879,-0.739994348372569,-0.510952513386076
"758",17.6501853203276,0.473415120109764,0.0506264865663703,-0.483905561890334,-1.08959826582732
"759",17.6587521136167,0.521115778769048,0.0681443401701501,-0.662506595503897,-0.835637802888657
"760",17.6672831599918,0.179455186269905,-0.220480173198608,-0.609756761921716,-1.1062999345616
"761",17.7523820134437,0.246387703685579,0.0185772131587749,-0.781847759455091,-1.15600206120772
"762",17.5283088012416,0.191930444261434,0.279055611789801,-0.28574415022378,-1.01606230465612
"763",17.6592603201591,0.309776705207922,0.211239494368992,-0.485456645132523,-0.994326866046091
"764",17.4550595631515,0.500099663645902,0.104481398869351,-0.397289965431824,-0.848149426279038
"765",17.8209724536537,0.239837338915629,-0.0310579773305202,-0.624347669695674,-1.33298617920146
"766",17.4594155032764,0.235736969607334,0.140912444241692,-0.332586256957237,-0.907473609462014
"767",17.5240824871442,0.516465617146743,0.012729242932901,-0.995840783111417,-1.19715527168742
"768",17.6621103251674,0.31732300390333,0.305187746235969,-0.531563272312424,-0.77245657680578
"769",17.5743495834009,0.491144968400569,0.203681815601683,-0.448202054746797,-0.640862865079269
"770",17.7120507638937,0.460529651003248,0.276418676615419,-0.61692825179899,-1.04736939194255
"771",17.5810529650948,0.36797507266672,0.298279423580084,-0.627436737567987,-1.2312770795693
"772",17.4600981706955,0.237356581121909,0.125870741262545,-0.404708828211716,-0.916740620874181
"773",17.6562508239772,0.300263388369111,-0.0139641625287192,-0.39762933202666,-0.940368118236292
"774",17.6486342991201,0.370591571446283,-0.213735183685631,-0.804189241745265,-1.51573189083069
"775",17.6985799227505,0.387814487861598,0.187575103738281,-0.196414464964827,-0.901856578140493
"776",17.6042315952941,0.328380414593147,-0.214880982863374,-0.499126198042717,-1.40180760691495
"777",17.7782642392084,0.322871406850554,-0.104362579236886,-0.907532135857031,-1.31853429564092
"778",17.5294197306697,0.352214649999737,-0.0885111091591885,-0.385800035824822,-0.857152919356091
"779",17.604724710811,0.440120134465747,0.411034505618005,-0.582450690093142,-1.03439132241282
"780",17.6795897492132,0.166132493489154,-0.111972234347752,-1.01020996460854,-1.43140250820905
"781",17.4238476175868,0.577306683952388,0.297164422037157,-0.0258409375120813,-0.877132144058086
"782",17.7594681129813,0.178954174835927,0.0279836407760723,-0.509011269861657,-1.1214531610581
"783",17.685623237345,0.203168281896823,-0.157122643177966,-0.756909743980416,-1.41848066504618
"784",17.3588363868203,0.453561877779092,0.327173697023945,-0.447477075138751,-1.01478466716809
"785",17.9453342437337,0.293810774785985,-0.223065695853491,-0.882155736675353,-1.62805117563685
"786",17.7970971788258,0.364570967398358,-0.0210620446330204,-0.278038497041305,-1.13313684143746
"787",17.537779341318,0.365810402246132,0.201937644120413,-0.621627699402258,-1.10464565410876
"788",17.7249404066408,0.36996622652631,-0.00530754848300969,-0.511100997949145,-0.887814901558794
"789",17.5329673928492,0.308905519277978,0.0470578543621627,-0.695744246312352,-1.70175105631142
"790",17.5330143157943,0.440514090873191,0.563945975245148,-0.43068721017376,-0.759997217984503
"791",17.672267932471,0.423232976328755,0.268179604872519,-0.578899681382054,-1.06295529565023
"792",17.6307894008313,0.465749069570555,0.00335876246055743,-0.734061870530478,-1.08319817077149
"793",17.5067266240783,0.459326298831605,0.0329065622825552,-0.558788140630625,-1.06584719684946
"794",17.6769085858625,0.44111388971313,0.146243485123109,-0.524796659510074,-1.12070229901123
"795",17.6911827189579,0.176281028570575,-0.29686108092647,-1.13253890611435,-1.10186195929086
"796",17.4327178394965,0.315007873621092,0.0247378068217101,-0.461125484993848,-1.22025785413085
"797",17.7589974197404,0.318813568839778,0.0448851358395248,-0.4992631971063,-1.33526010763694
"798",17.6071564389608,0.234778935606558,0.108090485965273,-0.642031782122354,-0.817174910492837
"799",17.6750711679123,0.283377380126363,0.0929570846559132,-0.9364959007001,-1.32736286681207
"800",17.6796483369486,0.299206124639331,-0.255798099288727,-0.793169835438016,-0.993040671942175
"801",17.5618021465144,0.212784626072718,-0.249243523215702,-0.902683453280206,-1.15892033960706
"802",17.5873974025251,0.334785283299526,-0.06983440029605,-0.561481301914324,-1.40939328286882
"803",17.7118268828763,0.45855415039644,-0.012249021508903,-0.392421744167322,-0.923987100731288
"804",17.5940947284618,0.278116878868101,-0.166389517250663,-0.775719574454126,-1.22834220587007
"805",17.7643497976182,0.229509642770943,-0.0529363982524467,-0.65450225029914,-1.32996692363045
"806",17.6298469260443,0.280784190284777,-0.153772616386142,-0.676318303036775,-1.33110741883875
"807",17.7893135398979,0.357942348186754,0.116455486680695,-0.537013693149059,-1.39696200324642
"808",17.7545343999996,0.474458710503306,0.137705932021242,-0.588573474559926,-1.29672782147442
"809",17.4201670916863,0.414147689408039,0.161890525482562,-0.222080294592016,-1.12573817250125
"810",17.4895150808521,0.504105337680718,0.479989039498556,-0.185862666817806,-0.836074721650292
"811",17.9721353454714,0.418319815247025,-0.062949452502094,-1.03576479980814,-1.58412604183117
"812",17.6900700158103,0.184429349424265,0.00251310493942519,-0.734724506040171,-1.55773667300418
"813",17.54946121115,0.44397420323085,0.212691934801527,-0.398434395905629,-0.868863230043775
"814",17.5672827275555,0.23754729456957,-0.244247333134531,-0.754921388754614,-1.30097341345731
"815",17.52223110099,0.414890437076992,-0.105713044359971,-0.63246811017616,-0.906660232209897
"816",17.6023388543888,0.568869662772632,0.176329982437578,-0.34402117959752,-1.07204002517386
"817",18.0042258017636,0.285407275750706,-0.0310171287412631,-0.704142518376427,-1.33905207849193
"818",17.7407099262267,0.421577160121229,-0.0471221504681669,-0.30241488956419,-1.05135304920669
"819",17.5851796489682,0.352574157796632,0.166483940346299,-0.551154220240744,-0.712270501222853
"820",17.6500443427122,0.139461910828469,-0.303578478465625,-0.400469342459757,-1.58307877510192
"821",17.7615953785738,0.283525858005884,-0.0712492415931572,-0.78906433196703,-1.33076432489725
"822",17.6658776509802,0.602889676358155,0.195943941392214,-0.322505413470747,-1.09542889835538
"823",17.6806272199243,0.392142206605614,-0.0496990904579507,-0.656606426598502,-1.21186147572666
"824",17.6672252851321,0.170218569180739,-0.0038022951235656,-0.656095513955039,-0.878726429012772
"825",17.6032836472089,0.307497901731904,-0.00528380154722937,-0.605526089041536,-1.4773092661194
"826",17.6952739136961,0.475087282314097,0.265525100095486,-0.603793668686796,-1.124760354982
"827",17.7656605015009,0.386591913966642,-0.193544248006604,-0.847692190872291,-1.11245244313645
"828",17.6315946753761,0.249702982243021,-0.191926574900496,-0.640612085310494,-1.31472812773445
"829",17.6205235581239,0.289161029392127,0.117072422815447,-0.679964249258726,-1.23343766181182
"830",17.7697237462796,0.39297767894175,-0.0947182462520883,-0.591820384324092,-1.63465838145592
"831",17.5305789640784,0.402160042707527,0.074794675206916,-0.38500965852526,-0.94526418855829
"832",17.6848599728257,0.112962355707382,0.0417717862642367,-0.481613039463665,-0.954843637470498
"833",17.4506671491766,0.394385242579901,0.171672309362492,-0.614002813777886,-1.36199980197916
"834",17.5835864603479,0.44756637777543,0.135943706311121,-0.39161688410583,-1.0381033878591
"835",17.6113267478912,0.308465612275724,-0.160798131336395,-0.943473114232547,-1.1881244501102
"836",17.6914756552357,0.448269639950644,0.173907995330571,-0.539776869782091,-0.876936679585381
"837",17.648946428028,0.429873551801571,0.0317316287276544,-0.518534002757751,-0.834595565020309
"838",17.6278971479298,0.405153549148644,0.136961706957986,-0.746258060530793,-1.33533788656913
"839",17.7275219967767,0.506086566226716,0.140304427087865,-0.428460486814982,-0.680484235543719
"840",17.688351591802,0.471106637013365,0.0493197545626547,-0.815891149916424,-1.44317424680489
"841",17.5887185150264,0.427689499010902,0.17975066813488,-0.559383283474482,-0.75780512488322
"842",17.5515303450596,0.270719502812257,0.169090865959322,-0.356265495140789,-0.765446984662086
"843",17.5570267394993,0.555819128511677,0.178840366652871,-0.607696788746765,-1.31046517598799
"844",17.3616526304959,0.465788662687543,0.28342687706256,-0.511437793712835,-0.990277954765272
"845",17.4782006219191,0.528823384577203,0.349438677781483,-0.20766929044541,-1.01179370981898
"846",17.5112482681959,0.352213541941813,0.101420969450497,-0.50627300401301,-0.734259648166942
"847",17.3775500520099,0.334120882388129,0.0660045696369813,-0.828714790262393,-1.27248516701897
"848",17.5292947625882,0.290116673516865,0.0505782489318463,-0.80763721210681,-1.57227250521316
"849",17.6331919752402,0.399176394237025,-0.115117561626833,-0.923098891781467,-1.29612242889054
"850",17.6222069310621,0.474341594066813,0.0963858913814649,-0.807429747402204,-1.20689855502458
"851",17.7977270576427,0.180072557229056,-0.0886610909091829,-0.353871589579458,-1.11727450697578
"852",17.6117467753204,0.439952729798876,0.242579228138397,-0.489211712773823,-1.21139221856399
"853",17.7431041816888,0.517420031486618,-0.0745031006318205,-0.750876936745294,-0.912450580392339
"854",17.7275159753803,0.348906632772659,0.10634642029649,-0.567204885407407,-1.22802451886656
"855",17.629175017757,0.30864743081353,-0.0288268668308917,-0.824751707020799,-1.35059309276738
"856",17.6552141677673,0.330203931967837,-0.0659008473447428,-0.607861678049606,-1.08102130908351
"857",17.5592330258448,0.298979237385123,-0.0450644966784316,-1.07044749562166,-1.51394955185533
"858",17.6961232289412,0.26649857936887,-0.0405576709671148,-0.876451220580082,-1.0126557995719
"859",17.4329745563804,0.231177599690577,0.0993713421050602,-0.673940820887287,-1.41407465488612
"860",17.7102007358769,0.242723819928735,0.118234684858469,-1.01177902729155,-1.52897941991739
"861",17.4994541412702,0.402260103974276,0.0545453526563198,-0.69053495097677,-1.30149015129234
"862",17.4804438672455,0.316674125909141,0.232525511036243,-0.853320332806527,-1.50513631631766
"863",17.7987215969228,0.25971670370909,-0.00579654437230661,-0.573934478352445,-0.984165992438568
"864",17.7105451116843,0.405146355308704,0.503714984271548,-0.448241830969473,-1.30723020690117
"865",17.6171040056814,0.341270926521956,0.0860731133671194,-0.745250534933575,-1.25983186732496
"866",17.613019488572,0.402136417395243,0.205177642237631,-0.541552825634545,-1.01171737597753
"867",17.7287097413362,0.206641645938959,-0.104034320867627,-0.494015343946989,-1.26068243386891
"868",17.6498802270662,0.385374265459123,-0.0521665287225623,-0.79594767821474,-1.01558089881365
"869",17.7134653858537,0.444741207709006,-0.166537128161803,-0.828594855198571,-1.51057483994197
"870",17.7908371186533,0.231835937849051,-0.124003259673395,-1.05154535567733,-1.45033924117951
"871",17.6896470286066,0.291442988581302,0.0225029981439349,-0.689435506565226,-1.83032153858758
"872",17.4116862582635,0.265563771323721,0.274286626302769,-0.724238360524022,-1.31385853675554
"873",17.6261494348232,0.272602210463947,0.138963741436258,-0.605172554073524,-0.973142617162197
"874",17.6744047753961,0.277953996209773,0.0583792573733337,-0.510631968319958,-1.30632618836887
"875",17.8110524688203,0.439511359051356,-0.0233413254130996,-0.526382607663852,-1.12012375320413
"876",17.6125681314451,0.461394973677646,0.226733989374167,-0.59182484443253,-0.93842435089649
"877",17.6829400611409,0.351363188569887,0.0458298482724378,-0.444829702913378,-1.289625339986
"878",17.6562679648879,0.437318323922379,-0.173769106972755,-0.481118894631499,-1.31261535465746
"879",17.6490858365021,0.355220041291414,0.264133335374228,-0.367693683036685,-1.35319343375659
"880",17.6456721254533,0.242757299716333,0.0665115812421651,-0.592802454328458,-1.60642772157256
"881",17.4977092989279,0.420629746421904,0.0336698734883411,-0.456529186309975,-0.6800461376867
"882",17.6399103737429,0.308941179296255,0.0468467964042204,-0.291807841835549,-1.0460883909277
"883",17.6060588755951,0.402208171143727,0.0877235560467187,-0.349691842339581,-1.24133596940942
"884",17.5975238309479,0.378209561916914,0.207379784326958,-0.408703447388032,-0.859640235990498
"885",17.4549501301883,0.343744402190702,0.158302067273273,-0.537232947017826,-0.578983936831935
"886",17.5835162372582,0.510080375729429,0.0854123037085939,-0.376142607210379,-1.13408989586353
"887",17.6468252868508,0.515748921259073,0.14984019460692,-0.876304314529849,-1.13969266298352
"888",17.6535856191755,0.358611175124807,0.0653807907341817,-0.56359155211244,-0.827891075751823
"889",17.7763907651739,0.303654682757452,0.0294320339326482,-0.839469553781417,-1.18070042677312
"890",17.6269632193823,0.374400902884037,-0.0434518145612944,-0.959236477814533,-1.28109253771052
"891",17.537241905222,0.550704531292027,0.181087267347126,-0.318675810952131,-0.961303024179758
"892",17.537579825603,0.299152817690513,-0.117131594103923,-0.512990114661047,-0.991256508017909
"893",17.7063040461078,0.366586257584479,-0.055998762159433,-0.557828712315967,-1.35759283514558
"894",17.7014098328649,0.392485958092027,-0.00255643246029598,-0.649253016677442,-1.24118517937938
"895",17.7339878437681,0.332701887590273,0.13097938879254,-0.544100207039085,-1.36155061300421
"896",17.7440272785282,0.354866599398941,0.0936910190632465,-0.518448626971641,-1.05967623319617
"897",17.5275888194553,0.368840265866345,0.116393360379281,-0.455145709328462,-1.01240364647053
"898",17.5932793320259,0.232718514848677,0.0123136303972192,-0.55580456005522,-0.818238946620306
"899",17.4893629894318,0.321026780352562,0.0579439676687149,-0.739498058530599,-1.15932983943604
"900",17.5667872040506,0.529073665517834,0.442480394556642,-0.298614411680421,-1.00808865722415
"901",17.6582308326835,0.489116074603186,-0.0211936963190292,-0.602823702660723,-1.11986254260884
"902",17.6596004643157,0.494405054282009,0.0404512678864006,-0.476646069044651,-0.826975309068746
"903",17.763824905714,0.328093367494508,0.0892031988244702,-0.360375641797678,-1.30976362632792
"904",17.315079467021,0.609589941843292,0.455776984025721,-0.337724184066437,-0.597978142666459
"905",17.5852324992005,0.385062393911723,-0.02891938096699,-0.496295083508976,-0.977549267534306
"906",17.4427728415331,0.230538537852563,0.212523852446817,-0.448003174536352,-1.09724491773994
"907",17.6572772800777,0.410594328417197,0.00723736569915172,-0.687356778547653,-0.845295981089621
"908",17.7469308766964,0.346621310202968,-0.12071958096445,-0.599075630062342,-1.11052675576667
"909",17.687404611753,0.328744056020635,0.0365980100711962,-0.548278589289469,-1.36813673434199
"910",17.5693025730134,0.536549475511843,0.179122536018824,-0.17704899575863,-0.593231487597636
"911",17.5592236092771,0.260174495918244,-0.1477111943968,-0.462785225573032,-1.30618808348717
"912",17.7803579769136,0.252930204488887,0.0769280325768581,-0.555064416633008,-0.924067605970958
"913",17.5400996724938,0.43718702843178,-0.124889393799132,-0.538642212097986,-1.16243482837376
"914",17.6588533570814,0.350258914577914,-0.133526961666039,-0.737922989455427,-1.42901867082255
"915",17.4433966503124,0.445504143222302,0.221466792585928,-0.429575187001511,-1.30727221262721
"916",17.5508933748687,0.294855148780395,0.182665020609434,-0.555810433954115,-1.01749814781995
"917",17.6203476686231,0.4335694881545,0.118764883762071,-0.465839537010634,-0.799324188172936
"918",17.7086843033077,0.318894463021306,-0.0578346260874887,-0.530024245565272,-1.23405536716761
"919",17.5907774994965,0.43846427970551,0.210093760821555,-0.545868866489763,-0.788984264748332
"920",17.657049620226,0.291821098815061,0.00959018984172096,-1.01471401811816,-1.19244121172481
"921",17.6652150286098,0.423765690329974,0.241237607510727,-0.386851571062409,-0.719492521961113
"922",17.6846717354273,0.277276339364928,-0.0871003782883887,-0.714396957333569,-1.37705239051682
"923",17.7270126779741,0.277417735870987,0.000954937422002294,-0.72424273401643,-1.29965058490352
"924",17.6849864505681,0.310092362368805,0.0214453050976607,-0.764493308503483,-1.40335096981475
"925",17.5936255819255,0.306098768878013,0.0480598615958292,-0.923392283137815,-1.42791817470534
"926",17.6780079459086,0.242924991514695,-0.0308599024889342,-0.802489325586897,-1.00162119156528
"927",17.6505998445689,0.306935478812768,-0.147458247761528,-0.843811039740145,-1.60522841934334
"928",17.6825502264129,0.308548321608132,0.114741527583542,-0.603175039746701,-1.57072881349068
"929",17.7228153363349,0.407336704311694,-0.0838803616381544,-0.760312419412468,-1.33947123081534
"930",17.7704459991677,0.327855145579265,-0.10530380547953,-0.862929772624782,-1.60028475336714
"931",17.7356816166484,0.253507892477726,-0.206897237093738,-0.648572464831747,-1.58839509612695
"932",17.5205781328165,0.530546165456513,0.0406817527214624,-0.860017349790273,-1.39393835083481
"933",17.7134790379103,0.251516490933834,-0.285423348471933,-0.935815022738961,-1.49443694362688
"934",17.6359497194584,0.568810169451091,0.0646297157790565,-0.700106816724485,-1.09079230827508
"935",17.6077745295385,0.41839148266265,0.165490368412835,-0.698659625207471,-1.08912628220517
"936",17.406279639511,0.327550551161105,0.183211450924066,-0.341439818457725,-0.909679839667277
"937",17.7671914243909,0.330030780114683,0.156536873521504,-0.556556345648517,-1.02560863942983
"938",17.7052659343534,0.479164375356246,0.220167756537681,-0.360641344054613,-0.974271164085206
"939",17.6884870846043,0.371439439822094,0.0547069583572618,-0.590686424577458,-1.0565199630827
"940",17.6088865787559,0.35696338727174,0.0262324082547551,-0.675282806386509,-1.26955540380349
"941",17.6721121858259,0.461394421571258,0.138244984218085,-0.603272233859084,-0.697058657154468
"942",17.6195328995567,0.177577812559024,-0.0573948176615671,-0.570496202217957,-1.27535457615601
"943",17.7971554604355,0.094002849066814,0.180968021796173,-0.446809439668375,-1.12898288119179
"944",17.6163914109068,0.293034622768035,-0.208262229570026,-0.694983090022665,-1.0546422942723
"945",17.6027122752743,0.239598797711595,0.0826453823165383,-0.744214471931017,-1.06682061802939
"946",17.710542008641,0.236611102129875,-0.077850337324113,-0.532979186008393,-1.17537696759778
"947",17.7494302954962,0.542090398512173,0.237062203415571,-0.532527472210366,-1.33817904896496
"948",17.6477729576142,0.367723380819968,0.288410052282767,-0.473237783731053,-1.0945140271688
"949",17.6010892987492,0.32846700037261,0.00791532015251285,-0.517295972805874,-1.01079110659138
"950",17.4509137738519,0.340144757451756,-0.196341738183881,-0.649263338034649,-1.51353375697261
"951",17.6439566406858,0.305456896858611,0.0704983904728482,-0.731638354804431,-1.33038323374463
"952",17.7049156562373,0.313751018966327,0.0564162068740929,-0.462375013671673,-0.905230921176628
"953",17.6855673734836,0.482912056755691,0.0955876657848238,-0.713410196486308,-1.33625436223383
"954",17.6198954562222,0.342240138973787,0.0114507035072154,-0.284660521535362,-0.961434874070212
"955",17.6602965520991,0.325233718525632,0.0938259714313678,-0.54418393240907,-0.710102167753187
"956",17.7273115945287,0.184545459960063,-0.0808192995129873,-0.598541833526976,-1.24784304229339
"957",17.6917979831837,0.52508665049337,0.0347119177413454,-0.659844350195163,-0.949490166470281
"958",17.622340027237,0.385012104883375,0.171961664267625,-0.661008546125507,-0.97706579834495
"959",17.3895188912288,0.46648649400975,0.312409265262323,-0.331531184737219,-1.13079388106515
"960",17.5088006573239,0.388861037173079,0.131318538776304,-0.237547937190433,-0.675535950355557
"961",17.6288303283218,0.387827194606547,0.148129715002833,-0.597295909560111,-0.907440931327155
"962",17.5753688707095,0.460779180384593,0.071247141315937,-0.677735274465544,-1.01512569009071
"963",17.6258987869888,0.508045698231028,0.207471926861181,-0.393513292429816,-0.44811301307786
"964",17.6117651763279,0.336516587728958,0.19507871243691,-0.313240150661447,-1.11146902192073
"965",17.6071664558605,0.5679662930671,0.104911135123679,-0.478688968603922,-1.45466840184793
"966",17.5872646843993,0.401104216504199,0.100111909485365,-0.365237821685018,-1.19312720029849
"967",17.5913519758049,0.341644230346506,0.0162452134802716,-0.793474396249591,-1.32827236862905
"968",17.4591681033254,0.42308226759402,0.218650675957332,-0.622699238750534,-1.20069460502519
"969",17.5799226526879,0.468593349207777,0.315517390661831,-0.769902682561849,-1.12893270908957
"970",17.5519500823402,0.577968366268858,0.615816672593527,0.0660314298067567,-0.911290752586641
"971",17.4362625770381,0.312373196611681,0.0298855228866214,-0.643522068424965,-0.789398867697292
"972",17.6868481276243,0.212938082551356,-0.0699446138940156,-0.708740315987223,-1.2419691249933
"973",17.6577352035062,0.441947557275623,-0.106644399123472,-0.752724804704769,-1.7131729477314
"974",17.6145946269593,0.381512086883684,-0.0824154731939351,-0.670291003680268,-1.7268903202181
"975",17.6852983183114,0.391571895977321,0.0558034950980852,-0.632135764058759,-1.45345582338874
"976",17.6008631701815,0.349680181711738,0.149154782380599,-0.72628186909959,-1.14576726755577
"977",17.6092096986379,0.289407898451107,-0.0413078532982341,-0.628631033567458,-1.06609806647601
"978",17.6644762583289,0.342788930926398,-0.138919350536662,-0.48378180425398,-0.744701409664451
"979",17.5614939227113,0.362067913064968,-0.0483428422747317,-0.666519518821137,-0.988359939698281
"980",17.3802976907902,0.472925729593998,0.205478746561106,-0.535141153502778,-0.951399532925565
"981",17.5965166636863,0.451969633735109,-0.0667027565259621,-0.752327720598409,-1.13220480005823
"982",17.5514047176065,0.384817398256739,0.217805813055457,-0.525011137768246,-1.19520590547864
"983",17.7322917110775,0.297441014522034,0.0919108060280655,-0.503604458069677,-1.02216210178413
"984",17.4470492089658,0.275754238650874,-0.158870160162265,-0.454510998467668,-1.27547482814302
"985",17.5552100512565,0.291020842673256,-0.0897821317875358,-0.600189339756477,-1.52439274274796
"986",17.4338202947583,0.441972550306711,0.489785760837746,-0.126799927542481,-0.609568795462846
"987",17.5549517697929,0.483700030623766,0.068267330955868,-0.578093344228735,-0.634993005817425
"988",17.5535365646269,0.299966775969264,0.193897604323944,-0.47609292118951,-1.32453777844203
"989",17.5938419646608,0.222052759209782,0.152359789648227,-0.734926370818503,-1.18608027251169
"990",17.6448171785944,0.256782962494419,-0.0884702004637442,-1.06054021348875,-1.27045665563257
"991",17.7191561175086,0.26303710837394,0.293852250055344,-0.403434861363386,-1.26979461481915
"992",17.6584758343796,0.472289915551039,0.26714519539213,-0.336024418121213,-1.35496009091938
"993",17.6341074201234,0.25697934960118,0.208949765338603,-0.345782358648921,-0.553070628313078
"994",17.5795051023352,0.386570638550234,0.276074200884322,-0.633516884103695,-1.39411348849576
"995",17.6213930220587,0.306943403149339,-0.152035686018489,-0.4758713429252,-0.831583292254611
"996",17.6912645028961,0.575219766016307,0.263683986990662,-0.426657120620632,-0.849343385703074
"997",17.52492276521,0.32109532470466,-0.143439205255685,-0.627534220475789,-1.14717985534066
"998",17.4382522640603,0.432997213040689,0.226513307876887,-0.251289618142231,-1.17623638269328
"999",17.5410567714511,0.31274020874476,0.227574743572889,-0.386419538059777,-0.796312137821856
"1000",17.5461967372194,0.319779276314786,0.132003120775909,-0.305883708563824,-1.05202183679589
